gene,uniprot_id,pdb_file
MST1R,Q04912,c:\Users\Longer\Documents\自写生信论文\data\structures\AF-Q04912-F1-model_v6.pdb
CD9,P21926,c:\Users\Longer\Documents\自写生信论文\data\structures\AF-P21926-F1-model_v6.pdb
RHBDL2,Q9NX52,c:\Users\Longer\Documents\自写生信论文\data\structures\AF-Q9NX52-F1-model_v6.pdb
CD300LF,Q8TDQ1,c:\Users\Longer\Documents\自写生信论文\data\structures\AF-Q8TDQ1-F1-model_v6.pdb
LAMP2,P13473,c:\Users\Longer\Documents\自写生信论文\data\structures\AF-P13473-F1-model_v6.pdb
MPZL3,Q6UWV2,c:\Users\Longer\Documents\自写生信论文\data\structures\AF-Q6UWV2-F1-model_v6.pdb
PMEPA1,Q969W9,c:\Users\Longer\Documents\自写生信论文\data\structures\AF-Q969W9-F1-model_v6.pdb
UGT8,Q16880,c:\Users\Longer\Documents\自写生信论文\data\structures\AF-Q16880-F1-model_v6.pdb
CD300A,Q9UGN4,c:\Users\Longer\Documents\自写生信论文\data\structures\AF-Q9UGN4-F1-model_v6.pdb
SIT1,Q9Y3P8,c:\Users\Longer\Documents\自写生信论文\data\structures\AF-Q9Y3P8-F1-model_v6.pdb
C3AR1,Q16581,c:\Users\Longer\Documents\自写生信论文\data\structures\AF-Q16581-F1-model_v6.pdb
SLC37A1,P57057,c:\Users\Longer\Documents\自写生信论文\data\structures\AF-P57057-F1-model_v6.pdb
SLC29A3,Q9BZD2,c:\Users\Longer\Documents\自写生信论文\data\structures\AF-Q9BZD2-F1-model_v6.pdb
FGFR3,P22607,c:\Users\Longer\Documents\自写生信论文\data\structures\AF-P22607-F1-model_v6.pdb
TSPAN15,O95858,c:\Users\Longer\Documents\自写生信论文\data\structures\AF-O95858-F1-model_v6.pdb
ERMP1,Q7Z2K6,c:\Users\Longer\Documents\自写生信论文\data\structures\AF-Q7Z2K6-F1-model_v6.pdb
PTPRJ,Q12913,c:\Users\Longer\Documents\自写生信论文\data\structures\AF-Q12913-F1-model_v6.pdb
ERBB2,P04626,c:\Users\Longer\Documents\自写生信论文\data\structures\AF-P04626-F1-model_v6.pdb
CD53,P19397,c:\Users\Longer\Documents\自写生信论文\data\structures\AF-P19397-F1-model_v6.pdb
TNFSF13B,Q9Y275,c:\Users\Longer\Documents\自写生信论文\data\structures\AF-Q9Y275-F1-model_v6.pdb
SLC16A1,P53985,c:\Users\Longer\Documents\自写生信论文\data\structures\AF-P53985-F1-model_v6.pdb
ACE,P12821,c:\Users\Longer\Documents\自写生信论文\data\structures\AF-P12821-F1-model_v6.pdb
APLNR,P35414,c:\Users\Longer\Documents\自写生信论文\data\structures\AF-P35414-F1-model_v6.pdb
TM4SF1,P30408,c:\Users\Longer\Documents\自写生信论文\data\structures\AF-P30408-F1-model_v6.pdb
CPD,O75976,c:\Users\Longer\Documents\自写生信论文\data\structures\AF-O75976-F1-model_v6.pdb
CD37,P11049,c:\Users\Longer\Documents\自写生信论文\data\structures\AF-P11049-F1-model_v6.pdb
IL22RA1,Q8N6P7,c:\Users\Longer\Documents\自写生信论文\data\structures\AF-Q8N6P7-F1-model_v6.pdb
SLC39A8,Q9C0K1,c:\Users\Longer\Documents\自写生信论文\data\structures\AF-Q9C0K1-F1-model_v6.pdb
EVI2B,P34910,c:\Users\Longer\Documents\自写生信论文\data\structures\AF-P34910-F1-model_v6.pdb
CD82,P27701,c:\Users\Longer\Documents\自写生信论文\data\structures\AF-P27701-F1-model_v6.pdb
MSLN,Q13421,c:\Users\Longer\Documents\自写生信论文\data\structures\AF-Q13421-F1-model_v6.pdb
CD96,P40200,c:\Users\Longer\Documents\自写生信论文\data\structures\AF-P40200-F1-model_v6.pdb
CNTNAP2,Q9UHC6,c:\Users\Longer\Documents\自写生信论文\data\structures\AF-Q9UHC6-F1-model_v6.pdb
LRRC15,Q8TF66,c:\Users\Longer\Documents\自写生信论文\data\structures\AF-Q8TF66-F1-model_v6.pdb
ABCC4,O15439,c:\Users\Longer\Documents\自写生信论文\data\structures\AF-O15439-F1-model_v6.pdb
FAP,Q12884,c:\Users\Longer\Documents\自写生信论文\data\structures\AF-Q12884-F1-model_v6.pdb
BAMBI,Q13145,c:\Users\Longer\Documents\自写生信论文\data\structures\AF-Q13145-F1-model_v6.pdb
CD3G,P09693,c:\Users\Longer\Documents\自写生信论文\data\structures\AF-P09693-F1-model_v6.pdb
CXCR6,O00574,c:\Users\Longer\Documents\自写生信论文\data\structures\AF-O00574-F1-model_v6.pdb
SLC39A9,Q9NUM3,c:\Users\Longer\Documents\自写生信论文\data\structures\AF-Q9NUM3-F1-model_v6.pdb
TIGIT,Q495A1,c:\Users\Longer\Documents\自写生信论文\data\structures\AF-Q495A1-F1-model_v6.pdb
ABCA12,Q86UK0,c:\Users\Longer\Documents\自写生信论文\data\structures\AF-Q86UK0-F1-model_v6.pdb
ITGB7,P26010,c:\Users\Longer\Documents\自写生信论文\data\structures\AF-P26010-F1-model_v6.pdb
TM9SF2,Q99805,c:\Users\Longer\Documents\自写生信论文\data\structures\AF-Q99805-F1-model_v6.pdb
GPRC5C,Q9NQ84,c:\Users\Longer\Documents\自写生信论文\data\structures\AF-Q9NQ84-F1-model_v6.pdb
FZD5,Q13467,c:\Users\Longer\Documents\自写生信论文\data\structures\AF-Q13467-F1-model_v6.pdb
DPP4,P27487,c:\Users\Longer\Documents\自写生信论文\data\structures\AF-P27487-F1-model_v6.pdb
FOLH1,Q04609,c:\Users\Longer\Documents\自写生信论文\data\structures\AF-Q04609-F1-model_v6.pdb
ENPP5,Q9UJA9,c:\Users\Longer\Documents\自写生信论文\data\structures\AF-Q9UJA9-F1-model_v6.pdb
UNC93B1,Q9H1C4,c:\Users\Longer\Documents\自写生信论文\data\structures\AF-Q9H1C4-F1-model_v6.pdb
EPHA1,P21709,c:\Users\Longer\Documents\自写生信论文\data\structures\AF-P21709-F1-model_v6.pdb
SLC1A4,P43007,c:\Users\Longer\Documents\自写生信论文\data\structures\AF-P43007-F1-model_v6.pdb
IL2RA,P01589,c:\Users\Longer\Documents\自写生信论文\data\structures\AF-P01589-F1-model_v6.pdb
UNC93A,Q86WB7,c:\Users\Longer\Documents\自写生信论文\data\structures\AF-Q86WB7-F1-model_v6.pdb
CD6,P30203,c:\Users\Longer\Documents\自写生信论文\data\structures\AF-P30203-F1-model_v6.pdb
EMB,Q6PCB8,c:\Users\Longer\Documents\自写生信论文\data\structures\AF-Q6PCB8-F1-model_v6.pdb
MS4A6A,Q9H2W1,c:\Users\Longer\Documents\自写生信论文\data\structures\AF-Q9H2W1-F1-model_v6.pdb
TNFRSF9,Q07011,c:\Users\Longer\Documents\自写生信论文\data\structures\AF-Q07011-F1-model_v6.pdb
AMN,Q9BXJ7,c:\Users\Longer\Documents\自写生信论文\data\structures\AF-Q9BXJ7-F1-model_v6.pdb
CD8A,P01732,c:\Users\Longer\Documents\自写生信论文\data\structures\AF-P01732-F1-model_v6.pdb
ULBP2,Q9BZM5,c:\Users\Longer\Documents\自写生信论文\data\structures\AF-Q9BZM5-F1-model_v6.pdb
CD8B,P10966,c:\Users\Longer\Documents\自写生信论文\data\structures\AF-P10966-F1-model_v6.pdb
KLRB1,Q12918,c:\Users\Longer\Documents\自写生信论文\data\structures\AF-Q12918-F1-model_v6.pdb
ITGB8,P26012,c:\Users\Longer\Documents\自写生信论文\data\structures\AF-P26012-F1-model_v6.pdb
SORL1,Q92673,c:\Users\Longer\Documents\自写生信论文\data\structures\AF-Q92673-F1-model_v6.pdb
SECTM1,Q8WVN6,c:\Users\Longer\Documents\自写生信论文\data\structures\AF-Q8WVN6-F1-model_v6.pdb
LPAR2,Q9HBW0,c:\Users\Longer\Documents\自写生信论文\data\structures\AF-Q9HBW0-F1-model_v6.pdb
LAIR1,Q6GTX8,c:\Users\Longer\Documents\自写生信论文\data\structures\AF-Q6GTX8-F1-model_v6.pdb
NOX4,Q9NPH5,c:\Users\Longer\Documents\自写生信论文\data\structures\AF-Q9NPH5-F1-model_v6.pdb
BACE2,Q9Y5Z0,c:\Users\Longer\Documents\自写生信论文\data\structures\AF-Q9Y5Z0-F1-model_v6.pdb
TNFRSF10A,O00220,c:\Users\Longer\Documents\自写生信论文\data\structures\AF-O00220-F1-model_v6.pdb
P2RX4,Q99571,c:\Users\Longer\Documents\自写生信论文\data\structures\AF-Q99571-F1-model_v6.pdb
FAM174B,Q3ZCQ3,c:\Users\Longer\Documents\自写生信论文\data\structures\AF-Q3ZCQ3-F1-model_v6.pdb
BTN3A2,P78410,c:\Users\Longer\Documents\自写生信论文\data\structures\AF-P78410-F1-model_v6.pdb
BCAM,P50895,c:\Users\Longer\Documents\自写生信论文\data\structures\AF-P50895-F1-model_v6.pdb
CD1A,P06126,c:\Users\Longer\Documents\自写生信论文\data\structures\AF-P06126-F1-model_v6.pdb
ACP2,P11117,c:\Users\Longer\Documents\自写生信论文\data\structures\AF-P11117-F1-model_v6.pdb
MR1,Q95460,c:\Users\Longer\Documents\自写生信论文\data\structures\AF-Q95460-F1-model_v6.pdb
IFNLR1,Q8IU57,c:\Users\Longer\Documents\自写生信论文\data\structures\AF-Q8IU57-F1-model_v6.pdb
SLC33A1,O00400,c:\Users\Longer\Documents\自写生信论文\data\structures\AF-O00400-F1-model_v6.pdb
IL17RB,Q9NRM6,c:\Users\Longer\Documents\自写生信论文\data\structures\AF-Q9NRM6-F1-model_v6.pdb
CDH11,P55287,c:\Users\Longer\Documents\自写生信论文\data\structures\AF-P55287-F1-model_v6.pdb
SLC38A1,Q9H2H9,c:\Users\Longer\Documents\自写生信论文\data\structures\AF-Q9H2H9-F1-model_v6.pdb
PTPRK,Q15262,c:\Users\Longer\Documents\自写生信论文\data\structures\AF-Q15262-F1-model_v6.pdb
SLC37A2,Q8TED4,c:\Users\Longer\Documents\自写生信论文\data\structures\AF-Q8TED4-F1-model_v6.pdb
SLC5A1,P13866,c:\Users\Longer\Documents\自写生信论文\data\structures\AF-P13866-F1-model_v6.pdb
ULBP3,Q9BZM4,c:\Users\Longer\Documents\自写生信论文\data\structures\AF-Q9BZM4-F1-model_v6.pdb
ITGA6,P23229,c:\Users\Longer\Documents\自写生信论文\data\structures\AF-P23229-F1-model_v6.pdb
ATP1A1,P05023,c:\Users\Longer\Documents\自写生信论文\data\structures\AF-P05023-F1-model_v6.pdb
IFNGR2,P38484,c:\Users\Longer\Documents\自写生信论文\data\structures\AF-P38484-F1-model_v6.pdb
EPHA2,P29317,c:\Users\Longer\Documents\自写生信论文\data\structures\AF-P29317-F1-model_v6.pdb
CCRL2,O00421,c:\Users\Longer\Documents\自写生信论文\data\structures\AF-O00421-F1-model_v6.pdb
GPR87,Q9BY21,c:\Users\Longer\Documents\自写生信论文\data\structures\AF-Q9BY21-F1-model_v6.pdb
ZDHHC5,Q9C0B5,c:\Users\Longer\Documents\自写生信论文\data\structures\AF-Q9C0B5-F1-model_v6.pdb
ERVMER34-1,Q9H9K5,c:\Users\Longer\Documents\自写生信论文\data\structures\AF-Q9H9K5-F1-model_v6.pdb
FLVCR1,Q9Y5Y0,c:\Users\Longer\Documents\自写生信论文\data\structures\AF-Q9Y5Y0-F1-model_v6.pdb
PIGT,Q969N2,c:\Users\Longer\Documents\自写生信论文\data\structures\AF-Q969N2-F1-model_v6.pdb
GABRD,O14764,c:\Users\Longer\Documents\自写生信论文\data\structures\AF-O14764-F1-model_v6.pdb
ZACN,Q401N2,c:\Users\Longer\Documents\自写生信论文\data\structures\AF-Q401N2-F1-model_v6.pdb
SIGLEC10,Q96LC7,c:\Users\Longer\Documents\自写生信论文\data\structures\AF-Q96LC7-F1-model_v6.pdb
SLC41A2,Q96JW4,c:\Users\Longer\Documents\自写生信论文\data\structures\AF-Q96JW4-F1-model_v6.pdb
SEMA4A,Q9H3S1,c:\Users\Longer\Documents\自写生信论文\data\structures\AF-Q9H3S1-F1-model_v6.pdb
CD5,P06127,c:\Users\Longer\Documents\自写生信论文\data\structures\AF-P06127-F1-model_v6.pdb
LRRC25,Q8N386,c:\Users\Longer\Documents\自写生信论文\data\structures\AF-Q8N386-F1-model_v6.pdb
MPZL1,O95297,c:\Users\Longer\Documents\自写生信论文\data\structures\AF-O95297-F1-model_v6.pdb
RHBDF2,Q6PJF5,c:\Users\Longer\Documents\自写生信论文\data\structures\AF-Q6PJF5-F1-model_v6.pdb
ADAM8,P78325,c:\Users\Longer\Documents\自写生信论文\data\structures\AF-P78325-F1-model_v6.pdb
TMEM158,Q8WZ71,c:\Users\Longer\Documents\自写生信论文\data\structures\AF-Q8WZ71-F1-model_v6.pdb
TLR3,O15455,c:\Users\Longer\Documents\自写生信论文\data\structures\AF-O15455-F1-model_v6.pdb
NIPAL1,Q6NVV3,c:\Users\Longer\Documents\自写生信论文\data\structures\AF-Q6NVV3-F1-model_v6.pdb
IL21R,Q9HBE5,c:\Users\Longer\Documents\自写生信论文\data\structures\AF-Q9HBE5-F1-model_v6.pdb
IGFLR1,Q9H665,c:\Users\Longer\Documents\自写生信论文\data\structures\AF-Q9H665-F1-model_v6.pdb
CD164L2,Q6UWJ8,c:\Users\Longer\Documents\自写生信论文\data\structures\AF-Q6UWJ8-F1-model_v6.pdb
IFNAR2,P48551,c:\Users\Longer\Documents\自写生信论文\data\structures\AF-P48551-F1-model_v6.pdb
SLC30A1,Q9Y6M5,c:\Users\Longer\Documents\自写生信论文\data\structures\AF-Q9Y6M5-F1-model_v6.pdb
IL12RB1,P42701,c:\Users\Longer\Documents\自写生信论文\data\structures\AF-P42701-F1-model_v6.pdb
FZD6,O60353,c:\Users\Longer\Documents\自写生信论文\data\structures\AF-O60353-F1-model_v6.pdb
ITM2C,Q9NQX7,c:\Users\Longer\Documents\自写生信论文\data\structures\AF-Q9NQX7-F1-model_v6.pdb
ATRN,O75882,c:\Users\Longer\Documents\自写生信论文\data\structures\AF-O75882-F1-model_v6.pdb
ITGA3,P26006,c:\Users\Longer\Documents\自写生信论文\data\structures\AF-P26006-F1-model_v6.pdb
CADM4,Q8NFZ8,c:\Users\Longer\Documents\自写生信论文\data\structures\AF-Q8NFZ8-F1-model_v6.pdb
SMO,Q99835,c:\Users\Longer\Documents\自写生信论文\data\structures\AF-Q99835-F1-model_v6.pdb
FOLR2,P14207,c:\Users\Longer\Documents\自写生信论文\data\structures\AF-P14207-F1-model_v6.pdb
CLSTN1,O94985,c:\Users\Longer\Documents\自写生信论文\data\structures\AF-O94985-F1-model_v6.pdb
CD44,P16070,c:\Users\Longer\Documents\自写生信论文\data\structures\AF-P16070-F1-model_v6.pdb
SLC37A4,O43826,c:\Users\Longer\Documents\自写生信论文\data\structures\AF-O43826-F1-model_v6.pdb
CD101,Q93033,c:\Users\Longer\Documents\自写生信论文\data\structures\AF-Q93033-F1-model_v6.pdb
EVI2A,P22794,c:\Users\Longer\Documents\自写生信论文\data\structures\AF-P22794-F1-model_v6.pdb
TMED7,Q9Y3B3,c:\Users\Longer\Documents\自写生信论文\data\structures\AF-Q9Y3B3-F1-model_v6.pdb
ADAM28,Q9UKQ2,c:\Users\Longer\Documents\自写生信论文\data\structures\AF-Q9UKQ2-F1-model_v6.pdb
NFAM1,Q8NET5,c:\Users\Longer\Documents\自写生信论文\data\structures\AF-Q8NET5-F1-model_v6.pdb
MMP14,P50281,c:\Users\Longer\Documents\自写生信论文\data\structures\AF-P50281-F1-model_v6.pdb
IFNAR1,P17181,c:\Users\Longer\Documents\自写生信论文\data\structures\AF-P17181-F1-model_v6.pdb
TMEM87B,Q96K49,c:\Users\Longer\Documents\自写生信论文\data\structures\AF-Q96K49-F1-model_v6.pdb
MICB,Q29980,c:\Users\Longer\Documents\自写生信论文\data\structures\AF-Q29980-F1-model_v6.pdb
PSEN1,P49768,c:\Users\Longer\Documents\自写生信论文\data\structures\AF-P49768-F1-model_v6.pdb
NCSTN,Q92542,c:\Users\Longer\Documents\自写生信论文\data\structures\AF-Q92542-F1-model_v6.pdb
PIGO,Q8TEQ8,c:\Users\Longer\Documents\自写生信论文\data\structures\AF-Q8TEQ8-F1-model_v6.pdb
RTN4RL2,Q86UN3,c:\Users\Longer\Documents\自写生信论文\data\structures\AF-Q86UN3-F1-model_v6.pdb
TM9SF1,O15321,c:\Users\Longer\Documents\自写生信论文\data\structures\AF-O15321-F1-model_v6.pdb
IL20RA,Q9UHF4,c:\Users\Longer\Documents\自写生信论文\data\structures\AF-Q9UHF4-F1-model_v6.pdb
SLC7A1,P30825,c:\Users\Longer\Documents\自写生信论文\data\structures\AF-P30825-F1-model_v6.pdb
SUCO,Q9UBS9,c:\Users\Longer\Documents\自写生信论文\data\structures\AF-Q9UBS9-F1-model_v6.pdb
LRP11,Q86VZ4,c:\Users\Longer\Documents\自写生信论文\data\structures\AF-Q86VZ4-F1-model_v6.pdb
APP,P05067,c:\Users\Longer\Documents\自写生信论文\data\structures\AF-P05067-F1-model_v6.pdb
TNFRSF19,Q9NS68,c:\Users\Longer\Documents\自写生信论文\data\structures\AF-Q9NS68-F1-model_v6.pdb
PCDH1,Q08174,c:\Users\Longer\Documents\自写生信论文\data\structures\AF-Q08174-F1-model_v6.pdb
SLC44A5,Q8NCS7,c:\Users\Longer\Documents\自写生信论文\data\structures\AF-Q8NCS7-F1-model_v6.pdb
ATP13A2,Q9NQ11,c:\Users\Longer\Documents\自写生信论文\data\structures\AF-Q9NQ11-F1-model_v6.pdb
EPHB4,P54760,c:\Users\Longer\Documents\自写生信论文\data\structures\AF-P54760-F1-model_v6.pdb
SLC15A1,P46059,c:\Users\Longer\Documents\自写生信论文\data\structures\AF-P46059-F1-model_v6.pdb
IL10RB,Q08334,c:\Users\Longer\Documents\自写生信论文\data\structures\AF-Q08334-F1-model_v6.pdb
LRP8,Q14114,c:\Users\Longer\Documents\自写生信论文\data\structures\AF-Q14114-F1-model_v6.pdb
PTPRC,P08575,c:\Users\Longer\Documents\自写生信论文\data\structures\AF-P08575-F1-model_v6.pdb
ITGB1,P05556,c:\Users\Longer\Documents\自写生信论文\data\structures\AF-P05556-F1-model_v6.pdb
SUSD1,Q6UWL2,c:\Users\Longer\Documents\自写生信论文\data\structures\AF-Q6UWL2-F1-model_v6.pdb
TM7SF3,Q9NS93,c:\Users\Longer\Documents\自写生信论文\data\structures\AF-Q9NS93-F1-model_v6.pdb
UBAC2,Q8NBM4,c:\Users\Longer\Documents\自写生信论文\data\structures\AF-Q8NBM4-F1-model_v6.pdb
TMEM179B,Q7Z7N9,c:\Users\Longer\Documents\自写生信论文\data\structures\AF-Q7Z7N9-F1-model_v6.pdb
BSG,P35613,c:\Users\Longer\Documents\自写生信论文\data\structures\AF-P35613-F1-model_v6.pdb
IL1RAP,Q9NPH3,c:\Users\Longer\Documents\自写生信论文\data\structures\AF-Q9NPH3-F1-model_v6.pdb
MUC15,Q8N387,c:\Users\Longer\Documents\自写生信论文\data\structures\AF-Q8N387-F1-model_v6.pdb
SLCO1B3,Q9NPD5,c:\Users\Longer\Documents\自写生信论文\data\structures\AF-Q9NPD5-F1-model_v6.pdb
GPC4,O75487,c:\Users\Longer\Documents\自写生信论文\data\structures\AF-O75487-F1-model_v6.pdb
SLC2A10,O95528,c:\Users\Longer\Documents\自写生信论文\data\structures\AF-O95528-F1-model_v6.pdb
EPHA10,Q5JZY3,c:\Users\Longer\Documents\自写生信论文\data\structures\AF-Q5JZY3-F1-model_v6.pdb
CD70,P32970,c:\Users\Longer\Documents\自写生信论文\data\structures\AF-P32970-F1-model_v6.pdb
TSPAN17,Q96FV3,c:\Users\Longer\Documents\自写生信论文\data\structures\AF-Q96FV3-F1-model_v6.pdb
LILRB2,Q8N423,c:\Users\Longer\Documents\自写生信论文\data\structures\AF-Q8N423-F1-model_v6.pdb
CNNM4,Q6P4Q7,c:\Users\Longer\Documents\自写生信论文\data\structures\AF-Q6P4Q7-F1-model_v6.pdb
DAG1,Q14118,c:\Users\Longer\Documents\自写生信论文\data\structures\AF-Q14118-F1-model_v6.pdb
ADAM9,Q13443,c:\Users\Longer\Documents\自写生信论文\data\structures\AF-Q13443-F1-model_v6.pdb
CD63,P08962,c:\Users\Longer\Documents\自写生信论文\data\structures\AF-P08962-F1-model_v6.pdb
ITGAV,P06756,c:\Users\Longer\Documents\自写生信论文\data\structures\AF-P06756-F1-model_v6.pdb
TLR7,Q9NYK1,c:\Users\Longer\Documents\自写生信论文\data\structures\AF-Q9NYK1-F1-model_v6.pdb
GPR137B,O60478,c:\Users\Longer\Documents\自写生信论文\data\structures\AF-O60478-F1-model_v6.pdb
TSPAN3,O60637,c:\Users\Longer\Documents\自写生信论文\data\structures\AF-O60637-F1-model_v6.pdb
CLN3,Q13286,c:\Users\Longer\Documents\自写生信论文\data\structures\AF-Q13286-F1-model_v6.pdb
CD164,Q04900,c:\Users\Longer\Documents\自写生信论文\data\structures\AF-Q04900-F1-model_v6.pdb
CEACAM5,P06731,c:\Users\Longer\Documents\自写生信论文\data\structures\AF-P06731-F1-model_v6.pdb
PANX1,Q96RD7,c:\Users\Longer\Documents\自写生信论文\data\structures\AF-Q96RD7-F1-model_v6.pdb
FAM171A2,A8MVW0,c:\Users\Longer\Documents\自写生信论文\data\structures\AF-A8MVW0-F1-model_v6.pdb
CLDN8,P56748,c:\Users\Longer\Documents\自写生信论文\data\structures\AF-P56748-F1-model_v6.pdb
LRP5,O75197,c:\Users\Longer\Documents\自写生信论文\data\structures\AF-O75197-F1-model_v6.pdb
MFSD6L,Q8IWD5,c:\Users\Longer\Documents\自写生信论文\data\structures\AF-Q8IWD5-F1-model_v6.pdb
TMEM150B,A6NC51,c:\Users\Longer\Documents\自写生信论文\data\structures\AF-A6NC51-F1-model_v6.pdb
SEMA4B,Q9NPR2,c:\Users\Longer\Documents\自写生信论文\data\structures\AF-Q9NPR2-F1-model_v6.pdb
ATRAID,Q6UW56,c:\Users\Longer\Documents\自写生信论文\data\structures\AF-Q6UW56-F1-model_v6.pdb
ADAM17,P78536,c:\Users\Longer\Documents\自写生信论文\data\structures\AF-P78536-F1-model_v6.pdb
ACVR1,Q04771,c:\Users\Longer\Documents\自写生信论文\data\structures\AF-Q04771-F1-model_v6.pdb
FCAMR,Q8WWV6,c:\Users\Longer\Documents\自写生信论文\data\structures\AF-Q8WWV6-F1-model_v6.pdb
STT3B,Q8TCJ2,c:\Users\Longer\Documents\自写生信论文\data\structures\AF-Q8TCJ2-F1-model_v6.pdb
TGFBR1,P36897,c:\Users\Longer\Documents\自写生信论文\data\structures\AF-P36897-F1-model_v6.pdb
C11orf24,Q96F05,c:\Users\Longer\Documents\自写生信论文\data\structures\AF-Q96F05-F1-model_v6.pdb
HLA-G,P17693,c:\Users\Longer\Documents\自写生信论文\data\structures\AF-P17693-F1-model_v6.pdb
MS4A15,Q8N5U1,c:\Users\Longer\Documents\自写生信论文\data\structures\AF-Q8N5U1-F1-model_v6.pdb
ICOSLG,O75144,c:\Users\Longer\Documents\自写生信论文\data\structures\AF-O75144-F1-model_v6.pdb
CLDN12,P56749,c:\Users\Longer\Documents\自写生信论文\data\structures\AF-P56749-F1-model_v6.pdb
TCTN2,Q96GX1,c:\Users\Longer\Documents\自写生信论文\data\structures\AF-Q96GX1-F1-model_v6.pdb
PLXNC1,O60486,c:\Users\Longer\Documents\自写生信论文\data\structures\AF-O60486-F1-model_v6.pdb
TNFRSF10C,O14798,c:\Users\Longer\Documents\自写生信论文\data\structures\AF-O14798-F1-model_v6.pdb
SLC43A2,Q8N370,c:\Users\Longer\Documents\自写生信论文\data\structures\AF-Q8N370-F1-model_v6.pdb
KREMEN2,Q8NCW0,c:\Users\Longer\Documents\自写生信论文\data\structures\AF-Q8NCW0-F1-model_v6.pdb
CSF1R,P07333,c:\Users\Longer\Documents\自写生信论文\data\structures\AF-P07333-F1-model_v6.pdb
ANO1,Q5XXA6,c:\Users\Longer\Documents\自写生信论文\data\structures\AF-Q5XXA6-F1-model_v6.pdb
APLP2,Q06481,c:\Users\Longer\Documents\自写生信论文\data\structures\AF-Q06481-F1-model_v6.pdb
SLC44A1,Q8WWI5,c:\Users\Longer\Documents\自写生信论文\data\structures\AF-Q8WWI5-F1-model_v6.pdb
TMEM87A,Q8NBN3,c:\Users\Longer\Documents\自写生信论文\data\structures\AF-Q8NBN3-F1-model_v6.pdb
MMEL1,Q495T6,c:\Users\Longer\Documents\自写生信论文\data\structures\AF-Q495T6-F1-model_v6.pdb
SLC3A2,P08195,c:\Users\Longer\Documents\自写生信论文\data\structures\AF-P08195-F1-model_v6.pdb
TCTN3,Q6NUS6,c:\Users\Longer\Documents\自写生信论文\data\structures\AF-Q6NUS6-F1-model_v6.pdb
SCARB1,Q8WTV0,c:\Users\Longer\Documents\自写生信论文\data\structures\AF-Q8WTV0-F1-model_v6.pdb
NIPAL3,Q6P499,c:\Users\Longer\Documents\自写生信论文\data\structures\AF-Q6P499-F1-model_v6.pdb
GJB4,Q9NTQ9,c:\Users\Longer\Documents\自写生信论文\data\structures\AF-Q9NTQ9-F1-model_v6.pdb
SIGLEC7,Q9Y286,c:\Users\Longer\Documents\自写生信论文\data\structures\AF-Q9Y286-F1-model_v6.pdb
PTTG1IP,P53801,c:\Users\Longer\Documents\自写生信论文\data\structures\AF-P53801-F1-model_v6.pdb
CD320,Q9NPF0,c:\Users\Longer\Documents\自写生信论文\data\structures\AF-Q9NPF0-F1-model_v6.pdb
CXCR5,P32302,c:\Users\Longer\Documents\自写生信论文\data\structures\AF-P32302-F1-model_v6.pdb
HRH1,P35367,c:\Users\Longer\Documents\自写生信论文\data\structures\AF-P35367-F1-model_v6.pdb
LAG3,P18627,c:\Users\Longer\Documents\自写生信论文\data\structures\AF-P18627-F1-model_v6.pdb
LMBR1,Q8WVP7,c:\Users\Longer\Documents\自写生信论文\data\structures\AF-Q8WVP7-F1-model_v6.pdb
TMEM63B,Q5T3F8,c:\Users\Longer\Documents\自写生信论文\data\structures\AF-Q5T3F8-F1-model_v6.pdb
HFE,Q30201,c:\Users\Longer\Documents\自写生信论文\data\structures\AF-Q30201-F1-model_v6.pdb
IGSF8,Q969P0,c:\Users\Longer\Documents\自写生信论文\data\structures\AF-Q969P0-F1-model_v6.pdb
GPR132,Q9UNW8,c:\Users\Longer\Documents\自写生信论文\data\structures\AF-Q9UNW8-F1-model_v6.pdb
IL13RA1,P78552,c:\Users\Longer\Documents\自写生信论文\data\structures\AF-P78552-F1-model_v6.pdb
SCARB2,Q14108,c:\Users\Longer\Documents\自写生信论文\data\structures\AF-Q14108-F1-model_v6.pdb
CD180,Q99467,c:\Users\Longer\Documents\自写生信论文\data\structures\AF-Q99467-F1-model_v6.pdb
TMEM154,Q6P9G4,c:\Users\Longer\Documents\自写生信论文\data\structures\AF-Q6P9G4-F1-model_v6.pdb
SLC9A1,P19634,c:\Users\Longer\Documents\自写生信论文\data\structures\AF-P19634-F1-model_v6.pdb
ATP13A3,Q9H7F0,c:\Users\Longer\Documents\自写生信论文\data\structures\AF-Q9H7F0-F1-model_v6.pdb
P2RY13,Q9BPV8,c:\Users\Longer\Documents\自写生信论文\data\structures\AF-Q9BPV8-F1-model_v6.pdb
ABCC3,O15438,c:\Users\Longer\Documents\自写生信论文\data\structures\AF-O15438-F1-model_v6.pdb
TLR1,Q15399,c:\Users\Longer\Documents\自写生信论文\data\structures\AF-Q15399-F1-model_v6.pdb
CLEC5A,Q9NY25,c:\Users\Longer\Documents\自写生信论文\data\structures\AF-Q9NY25-F1-model_v6.pdb
TM9SF4,Q92544,c:\Users\Longer\Documents\自写生信论文\data\structures\AF-Q92544-F1-model_v6.pdb
GLIPR1,P48060,c:\Users\Longer\Documents\自写生信论文\data\structures\AF-P48060-F1-model_v6.pdb
LMAN2L,Q9H0V9,c:\Users\Longer\Documents\自写生信论文\data\structures\AF-Q9H0V9-F1-model_v6.pdb
SLC17A5,Q9NRA2,c:\Users\Longer\Documents\自写生信论文\data\structures\AF-Q9NRA2-F1-model_v6.pdb
SLC35A5,Q9BS91,c:\Users\Longer\Documents\自写生信论文\data\structures\AF-Q9BS91-F1-model_v6.pdb
GPR19,Q15760,c:\Users\Longer\Documents\自写生信论文\data\structures\AF-Q15760-F1-model_v6.pdb
SLC39A10,Q9ULF5,c:\Users\Longer\Documents\自写生信论文\data\structures\AF-Q9ULF5-F1-model_v6.pdb
TSPAN14,Q8NG11,c:\Users\Longer\Documents\自写生信论文\data\structures\AF-Q8NG11-F1-model_v6.pdb
TM9SF3,Q9HD45,c:\Users\Longer\Documents\自写生信论文\data\structures\AF-Q9HD45-F1-model_v6.pdb
SLC9A2,Q9UBY0,c:\Users\Longer\Documents\自写生信论文\data\structures\AF-Q9UBY0-F1-model_v6.pdb
CD1E,P15812,c:\Users\Longer\Documents\自写生信论文\data\structures\AF-P15812-F1-model_v6.pdb
GPR34,Q9UPC5,c:\Users\Longer\Documents\自写生信论文\data\structures\AF-Q9UPC5-F1-model_v6.pdb
SLAMF6,Q96DU3,c:\Users\Longer\Documents\自写生信论文\data\structures\AF-Q96DU3-F1-model_v6.pdb
CD151,P48509,c:\Users\Longer\Documents\自写生信论文\data\structures\AF-P48509-F1-model_v6.pdb
HLA-F,P30511,c:\Users\Longer\Documents\自写生信论文\data\structures\AF-P30511-F1-model_v6.pdb
HCAR1,Q9BXC0,c:\Users\Longer\Documents\自写生信论文\data\structures\AF-Q9BXC0-F1-model_v6.pdb
MFSD12,Q6NUT3,c:\Users\Longer\Documents\自写生信论文\data\structures\AF-Q6NUT3-F1-model_v6.pdb
NRCAM,Q92823,c:\Users\Longer\Documents\自写生信论文\data\structures\AF-Q92823-F1-model_v6.pdb
IL7R,P16871,c:\Users\Longer\Documents\自写生信论文\data\structures\AF-P16871-F1-model_v6.pdb
BTN3A3,O00478,c:\Users\Longer\Documents\自写生信论文\data\structures\AF-O00478-F1-model_v6.pdb
NRP2,O60462,c:\Users\Longer\Documents\自写生信论文\data\structures\AF-O60462-F1-model_v6.pdb
GABRP,O00591,c:\Users\Longer\Documents\自写生信论文\data\structures\AF-O00591-F1-model_v6.pdb
CALCRL,Q16602,c:\Users\Longer\Documents\自写生信论文\data\structures\AF-Q16602-F1-model_v6.pdb
ITGAX,P20702,c:\Users\Longer\Documents\自写生信论文\data\structures\AF-P20702-F1-model_v6.pdb
LDLRAD3,Q86YD5,c:\Users\Longer\Documents\自写生信论文\data\structures\AF-Q86YD5-F1-model_v6.pdb
TMEM9B,Q9NQ34,c:\Users\Longer\Documents\自写生信论文\data\structures\AF-Q9NQ34-F1-model_v6.pdb
ANKH,Q9HCJ1,c:\Users\Longer\Documents\自写生信论文\data\structures\AF-Q9HCJ1-F1-model_v6.pdb
IGF2R,P11717,c:\Users\Longer\Documents\自写生信论文\data\structures\AF-P11717-F1-model_v6.pdb
FRRS1,Q6ZNA5,c:\Users\Longer\Documents\自写生信论文\data\structures\AF-Q6ZNA5-F1-model_v6.pdb
SLC29A2,Q14542,c:\Users\Longer\Documents\自写生信论文\data\structures\AF-Q14542-F1-model_v6.pdb
SLC45A4,Q5BKX6,c:\Users\Longer\Documents\自写生信论文\data\structures\AF-Q5BKX6-F1-model_v6.pdb
FZD1,Q9UP38,c:\Users\Longer\Documents\自写生信论文\data\structures\AF-Q9UP38-F1-model_v6.pdb
CTLA4,P16410,c:\Users\Longer\Documents\自写生信论文\data\structures\AF-P16410-F1-model_v6.pdb
SLC28A3,Q9HAS3,c:\Users\Longer\Documents\自写生信论文\data\structures\AF-Q9HAS3-F1-model_v6.pdb
SLC19A1,P41440,c:\Users\Longer\Documents\自写生信论文\data\structures\AF-P41440-F1-model_v6.pdb
GPR37,O15354,c:\Users\Longer\Documents\自写生信论文\data\structures\AF-O15354-F1-model_v6.pdb
M6PR,P20645,c:\Users\Longer\Documents\自写生信论文\data\structures\AF-P20645-F1-model_v6.pdb
ITFG1,Q8TB96,c:\Users\Longer\Documents\自写生信论文\data\structures\AF-Q8TB96-F1-model_v6.pdb
NEO1,Q92859,c:\Users\Longer\Documents\自写生信论文\data\structures\AF-Q92859-F1-model_v6.pdb
GJB5,O95377,c:\Users\Longer\Documents\自写生信论文\data\structures\AF-O95377-F1-model_v6.pdb
LAMP1,P11279,c:\Users\Longer\Documents\自写生信论文\data\structures\AF-P11279-F1-model_v6.pdb
GPNMB,Q14956,c:\Users\Longer\Documents\自写生信论文\data\structures\AF-Q14956-F1-model_v6.pdb
CCR6,P51684,c:\Users\Longer\Documents\自写生信论文\data\structures\AF-P51684-F1-model_v6.pdb
PMEL,P40967,c:\Users\Longer\Documents\自写生信论文\data\structures\AF-P40967-F1-model_v6.pdb
VSIG10,Q8N0Z9,c:\Users\Longer\Documents\自写生信论文\data\structures\AF-Q8N0Z9-F1-model_v6.pdb
KITLG,P21583,c:\Users\Longer\Documents\自写生信论文\data\structures\AF-P21583-F1-model_v6.pdb
CD300C,Q08708,c:\Users\Longer\Documents\自写生信论文\data\structures\AF-Q08708-F1-model_v6.pdb
ENTPD1,P49961,c:\Users\Longer\Documents\自写生信论文\data\structures\AF-P49961-F1-model_v6.pdb
SLC2A9,Q9NRM0,c:\Users\Longer\Documents\自写生信论文\data\structures\AF-Q9NRM0-F1-model_v6.pdb
ADORA2B,P29275,c:\Users\Longer\Documents\自写生信论文\data\structures\AF-P29275-F1-model_v6.pdb
SLC29A4,Q7RTT9,c:\Users\Longer\Documents\自写生信论文\data\structures\AF-Q7RTT9-F1-model_v6.pdb
PTPRH,Q9HD43,c:\Users\Longer\Documents\自写生信论文\data\structures\AF-Q9HD43-F1-model_v6.pdb
SEMA4F,O95754,c:\Users\Longer\Documents\自写生信论文\data\structures\AF-O95754-F1-model_v6.pdb
FGFR4,P22455,c:\Users\Longer\Documents\自写生信论文\data\structures\AF-P22455-F1-model_v6.pdb
ACVR1B,P36896,c:\Users\Longer\Documents\自写生信论文\data\structures\AF-P36896-F1-model_v6.pdb
TMEM161A,Q9NX61,c:\Users\Longer\Documents\自写生信论文\data\structures\AF-Q9NX61-F1-model_v6.pdb
NTM,Q9P121,c:\Users\Longer\Documents\自写生信论文\data\structures\AF-Q9P121-F1-model_v6.pdb
PCDH17,O14917,c:\Users\Longer\Documents\自写生信论文\data\structures\AF-O14917-F1-model_v6.pdb
ITGA4,P13612,c:\Users\Longer\Documents\自写生信论文\data\structures\AF-P13612-F1-model_v6.pdb
CD38,P28907,c:\Users\Longer\Documents\自写生信论文\data\structures\AF-P28907-F1-model_v6.pdb
PANX2,Q96RD6,c:\Users\Longer\Documents\自写生信论文\data\structures\AF-Q96RD6-F1-model_v6.pdb
GRIN2D,O15399,c:\Users\Longer\Documents\自写生信论文\data\structures\AF-O15399-F1-model_v6.pdb
NOTCH3,Q9UM47,c:\Users\Longer\Documents\自写生信论文\data\structures\AF-Q9UM47-F1-model_v6.pdb
TNFSF11,O14788,c:\Users\Longer\Documents\自写生信论文\data\structures\AF-O14788-F1-model_v6.pdb
SCNN1G,P51170,c:\Users\Longer\Documents\自写生信论文\data\structures\AF-P51170-F1-model_v6.pdb
EFNB2,P52799,c:\Users\Longer\Documents\自写生信论文\data\structures\AF-P52799-F1-model_v6.pdb
ITM2B,Q9Y287,c:\Users\Longer\Documents\自写生信论文\data\structures\AF-Q9Y287-F1-model_v6.pdb
AMIGO2,Q86SJ2,c:\Users\Longer\Documents\自写生信论文\data\structures\AF-Q86SJ2-F1-model_v6.pdb
TMEM106A,Q96A25,c:\Users\Longer\Documents\自写生信论文\data\structures\AF-Q96A25-F1-model_v6.pdb
SEMA7A,O75326,c:\Users\Longer\Documents\自写生信论文\data\structures\AF-O75326-F1-model_v6.pdb
GABRA3,P34903,c:\Users\Longer\Documents\自写生信论文\data\structures\AF-P34903-F1-model_v6.pdb
CCR8,P51685,c:\Users\Longer\Documents\自写生信论文\data\structures\AF-P51685-F1-model_v6.pdb
QSOX1,O00391,c:\Users\Longer\Documents\自写生信论文\data\structures\AF-O00391-F1-model_v6.pdb
SLC12A7,Q9Y666,c:\Users\Longer\Documents\自写生信论文\data\structures\AF-Q9Y666-F1-model_v6.pdb
LYPD5,Q6UWN5,c:\Users\Longer\Documents\自写生信论文\data\structures\AF-Q6UWN5-F1-model_v6.pdb
TMEM219,Q86XT9,c:\Users\Longer\Documents\自写生信论文\data\structures\AF-Q86XT9-F1-model_v6.pdb
HYAL2,Q12891,c:\Users\Longer\Documents\自写生信论文\data\structures\AF-Q12891-F1-model_v6.pdb
ITGB5,P18084,c:\Users\Longer\Documents\自写生信论文\data\structures\AF-P18084-F1-model_v6.pdb
TMC7,Q7Z402,c:\Users\Longer\Documents\自写生信论文\data\structures\AF-Q7Z402-F1-model_v6.pdb
HLA-DOB,P13765,c:\Users\Longer\Documents\自写生信论文\data\structures\AF-P13765-F1-model_v6.pdb
LILRA4,P59901,c:\Users\Longer\Documents\自写生信论文\data\structures\AF-P59901-F1-model_v6.pdb
SLC52A1,Q9NWF4,c:\Users\Longer\Documents\自写生信论文\data\structures\AF-Q9NWF4-F1-model_v6.pdb
MANSC1,Q9H8J5,c:\Users\Longer\Documents\自写生信论文\data\structures\AF-Q9H8J5-F1-model_v6.pdb
SLC46A1,Q96NT5,c:\Users\Longer\Documents\自写生信论文\data\structures\AF-Q96NT5-F1-model_v6.pdb
RNF13,O43567,c:\Users\Longer\Documents\自写生信论文\data\structures\AF-O43567-F1-model_v6.pdb
KCNK5,O95279,c:\Users\Longer\Documents\自写生信论文\data\structures\AF-O95279-F1-model_v6.pdb
TNFRSF17,Q02223,c:\Users\Longer\Documents\自写生信论文\data\structures\AF-Q02223-F1-model_v6.pdb
GPR157,Q5UAW9,c:\Users\Longer\Documents\自写生信论文\data\structures\AF-Q5UAW9-F1-model_v6.pdb
ABCC1,P33527,c:\Users\Longer\Documents\自写生信论文\data\structures\AF-P33527-F1-model_v6.pdb
EDNRA,P25101,c:\Users\Longer\Documents\自写生信论文\data\structures\AF-P25101-F1-model_v6.pdb
FCRL5,Q96RD9,c:\Users\Longer\Documents\自写生信论文\data\structures\AF-Q96RD9-F1-model_v6.pdb
DPEP1,P16444,c:\Users\Longer\Documents\自写生信论文\data\structures\AF-P16444-F1-model_v6.pdb
CX3CR1,P49238,c:\Users\Longer\Documents\自写生信论文\data\structures\AF-P49238-F1-model_v6.pdb
GPR180,Q86V85,c:\Users\Longer\Documents\自写生信论文\data\structures\AF-Q86V85-F1-model_v6.pdb
LINGO1,Q96FE5,c:\Users\Longer\Documents\自写生信论文\data\structures\AF-Q96FE5-F1-model_v6.pdb
SLCO1A2,P46721,c:\Users\Longer\Documents\自写生信论文\data\structures\AF-P46721-F1-model_v6.pdb
DSC3,Q14574,c:\Users\Longer\Documents\自写生信论文\data\structures\AF-Q14574-F1-model_v6.pdb
BTN3A1,O00481,c:\Users\Longer\Documents\自写生信论文\data\structures\AF-O00481-F1-model_v6.pdb
PCDH7,O60245,c:\Users\Longer\Documents\自写生信论文\data\structures\AF-O60245-F1-model_v6.pdb
PCDHB9,Q9Y5E1,c:\Users\Longer\Documents\自写生信论文\data\structures\AF-Q9Y5E1-F1-model_v6.pdb
DISP2,A7MBM2,c:\Users\Longer\Documents\自写生信论文\data\structures\AF-A7MBM2-F1-model_v6.pdb
LY9,Q9HBG7,c:\Users\Longer\Documents\自写生信论文\data\structures\AF-Q9HBG7-F1-model_v6.pdb
SVOPL,Q8N434,c:\Users\Longer\Documents\自写生信论文\data\structures\AF-Q8N434-F1-model_v6.pdb
MFSD2A,Q8NA29,c:\Users\Longer\Documents\自写生信论文\data\structures\AF-Q8NA29-F1-model_v6.pdb
ICOS,Q9Y6W8,c:\Users\Longer\Documents\自写生信论文\data\structures\AF-Q9Y6W8-F1-model_v6.pdb
DCSTAMP,Q9H295,c:\Users\Longer\Documents\自写生信论文\data\structures\AF-Q9H295-F1-model_v6.pdb
GPR107,Q5VW38,c:\Users\Longer\Documents\自写生信论文\data\structures\AF-Q5VW38-F1-model_v6.pdb
DGCR2,P98153,c:\Users\Longer\Documents\自写生信论文\data\structures\AF-P98153-F1-model_v6.pdb
PLXNB2,O15031,c:\Users\Longer\Documents\自写生信论文\data\structures\AF-O15031-F1-model_v6.pdb
CLDN10,P78369,c:\Users\Longer\Documents\自写生信论文\data\structures\AF-P78369-F1-model_v6.pdb
CD46,P15529,c:\Users\Longer\Documents\自写生信论文\data\structures\AF-P15529-F1-model_v6.pdb
MFSD6,Q6ZSS7,c:\Users\Longer\Documents\自写生信论文\data\structures\AF-Q6ZSS7-F1-model_v6.pdb
TXNDC15,Q96J42,c:\Users\Longer\Documents\自写生信论文\data\structures\AF-Q96J42-F1-model_v6.pdb
SIDT1,Q9NXL6,c:\Users\Longer\Documents\自写生信论文\data\structures\AF-Q9NXL6-F1-model_v6.pdb
IL1RL2,Q9HB29,c:\Users\Longer\Documents\自写生信论文\data\structures\AF-Q9HB29-F1-model_v6.pdb
SIGLEC14,Q08ET2,c:\Users\Longer\Documents\自写生信论文\data\structures\AF-Q08ET2-F1-model_v6.pdb
LPAR3,Q9UBY5,c:\Users\Longer\Documents\自写生信论文\data\structures\AF-Q9UBY5-F1-model_v6.pdb
ABCA3,Q99758,c:\Users\Longer\Documents\自写生信论文\data\structures\AF-Q99758-F1-model_v6.pdb
PLXDC2,Q6UX71,c:\Users\Longer\Documents\自写生信论文\data\structures\AF-Q6UX71-F1-model_v6.pdb
TSPAN31,Q12999,c:\Users\Longer\Documents\自写生信论文\data\structures\AF-Q12999-F1-model_v6.pdb
DCBLD1,Q8N8Z6,c:\Users\Longer\Documents\自写生信论文\data\structures\AF-Q8N8Z6-F1-model_v6.pdb
F2RL2,O00254,c:\Users\Longer\Documents\自写生信论文\data\structures\AF-O00254-F1-model_v6.pdb
ANO7,Q6IWH7,c:\Users\Longer\Documents\自写生信论文\data\structures\AF-Q6IWH7-F1-model_v6.pdb
CD84,Q9UIB8,c:\Users\Longer\Documents\自写生信论文\data\structures\AF-Q9UIB8-F1-model_v6.pdb
CLSTN3,Q9BQT9,c:\Users\Longer\Documents\自写生信论文\data\structures\AF-Q9BQT9-F1-model_v6.pdb
TNFSF4,P23510,c:\Users\Longer\Documents\自写生信论文\data\structures\AF-P23510-F1-model_v6.pdb
FZD3,Q9NPG1,c:\Users\Longer\Documents\自写生信论文\data\structures\AF-Q9NPG1-F1-model_v6.pdb
GPC6,Q9Y625,c:\Users\Longer\Documents\自写生信论文\data\structures\AF-Q9Y625-F1-model_v6.pdb
SLAMF9,Q96A28,c:\Users\Longer\Documents\自写生信论文\data\structures\AF-Q96A28-F1-model_v6.pdb
PCDH12,Q9NPG4,c:\Users\Longer\Documents\自写生信论文\data\structures\AF-Q9NPG4-F1-model_v6.pdb
ALPP,P05187,c:\Users\Longer\Documents\自写生信论文\data\structures\AF-P05187-F1-model_v6.pdb
NCMAP,Q5T1S8,c:\Users\Longer\Documents\自写生信论文\data\structures\AF-Q5T1S8-F1-model_v6.pdb
LILRB1,Q8NHL6,c:\Users\Longer\Documents\自写生信论文\data\structures\AF-Q8NHL6-F1-model_v6.pdb
TRIL,Q7L0X0,c:\Users\Longer\Documents\自写生信论文\data\structures\AF-Q7L0X0-F1-model_v6.pdb
PVR,P15151,c:\Users\Longer\Documents\自写生信论文\data\structures\AF-P15151-F1-model_v6.pdb
S1PR4,O95977,c:\Users\Longer\Documents\自写生信论文\data\structures\AF-O95977-F1-model_v6.pdb
FCGR2B,P31994,c:\Users\Longer\Documents\自写生信论文\data\structures\AF-P31994-F1-model_v6.pdb
P2RY10,O00398,c:\Users\Longer\Documents\自写生信论文\data\structures\AF-O00398-F1-model_v6.pdb
C3orf80,F5H4A9,c:\Users\Longer\Documents\自写生信论文\data\structures\AF-F5H4A9-F1-model_v6.pdb
GPR84,Q9NQS5,c:\Users\Longer\Documents\自写生信论文\data\structures\AF-Q9NQS5-F1-model_v6.pdb
SLC38A9,Q8NBW4,c:\Users\Longer\Documents\自写生信论文\data\structures\AF-Q8NBW4-F1-model_v6.pdb
CLDN16,Q9Y5I7,c:\Users\Longer\Documents\自写生信论文\data\structures\AF-Q9Y5I7-F1-model_v6.pdb
SLC6A11,P48066,c:\Users\Longer\Documents\自写生信论文\data\structures\AF-P48066-F1-model_v6.pdb
MILR1,Q7Z6M3,c:\Users\Longer\Documents\自写生信论文\data\structures\AF-Q7Z6M3-F1-model_v6.pdb
EDAR,Q9UNE0,c:\Users\Longer\Documents\自写生信论文\data\structures\AF-Q9UNE0-F1-model_v6.pdb
PSCA,O43653,c:\Users\Longer\Documents\自写生信论文\data\structures\AF-O43653-F1-model_v6.pdb
TLR5,O60602,c:\Users\Longer\Documents\自写生信论文\data\structures\AF-O60602-F1-model_v6.pdb
SYPL1,Q16563,c:\Users\Longer\Documents\自写生信论文\data\structures\AF-Q16563-F1-model_v6.pdb
IL17RD,Q8NFM7,c:\Users\Longer\Documents\自写生信论文\data\structures\AF-Q8NFM7-F1-model_v6.pdb
TMEM63C,Q9P1W3,c:\Users\Longer\Documents\自写生信论文\data\structures\AF-Q9P1W3-F1-model_v6.pdb
ITGA11,Q9UKX5,c:\Users\Longer\Documents\自写生信论文\data\structures\AF-Q9UKX5-F1-model_v6.pdb
TNFSF8,P32971,c:\Users\Longer\Documents\自写生信论文\data\structures\AF-P32971-F1-model_v6.pdb
HCAR2,Q8TDS4,c:\Users\Longer\Documents\自写生信论文\data\structures\AF-Q8TDS4-F1-model_v6.pdb
SLC1A1,P43005,c:\Users\Longer\Documents\自写生信论文\data\structures\AF-P43005-F1-model_v6.pdb
PTPRO,Q16827,c:\Users\Longer\Documents\自写生信论文\data\structures\AF-Q16827-F1-model_v6.pdb
PRSS21,Q9Y6M0,c:\Users\Longer\Documents\自写生信论文\data\structures\AF-Q9Y6M0-F1-model_v6.pdb
LTBR,P36941,c:\Users\Longer\Documents\自写生信论文\data\structures\AF-P36941-F1-model_v6.pdb
CD163L1,Q9NR16,c:\Users\Longer\Documents\自写生信论文\data\structures\AF-Q9NR16-F1-model_v6.pdb
CD1C,P29017,c:\Users\Longer\Documents\自写生信论文\data\structures\AF-P29017-F1-model_v6.pdb
EMP2,P54851,c:\Users\Longer\Documents\自写生信论文\data\structures\AF-P54851-F1-model_v6.pdb
HTR1D,P28221,c:\Users\Longer\Documents\自写生信论文\data\structures\AF-P28221-F1-model_v6.pdb
TPBG,Q13641,c:\Users\Longer\Documents\自写生信论文\data\structures\AF-Q13641-F1-model_v6.pdb
BDKRB2,P30411,c:\Users\Longer\Documents\自写生信论文\data\structures\AF-P30411-F1-model_v6.pdb
P2RY8,Q86VZ1,c:\Users\Longer\Documents\自写生信论文\data\structures\AF-Q86VZ1-F1-model_v6.pdb
SIGLEC9,Q9Y336,c:\Users\Longer\Documents\自写生信论文\data\structures\AF-Q9Y336-F1-model_v6.pdb
PODXL,O00592,c:\Users\Longer\Documents\自写生信论文\data\structures\AF-O00592-F1-model_v6.pdb
TM4SF18,Q96CE8,c:\Users\Longer\Documents\自写生信论文\data\structures\AF-Q96CE8-F1-model_v6.pdb
LDLR,P01130,c:\Users\Longer\Documents\自写生信论文\data\structures\AF-P01130-F1-model_v6.pdb
ACVR2B,Q13705,c:\Users\Longer\Documents\自写生信论文\data\structures\AF-Q13705-F1-model_v6.pdb
DLL3,Q9NYJ7,c:\Users\Longer\Documents\自写生信论文\data\structures\AF-Q9NYJ7-F1-model_v6.pdb
OR2A7,Q96R45,c:\Users\Longer\Documents\自写生信论文\data\structures\AF-Q96R45-F1-model_v6.pdb
GPR158,Q5T848,c:\Users\Longer\Documents\自写生信论文\data\structures\AF-Q5T848-F1-model_v6.pdb
DUOXA1,Q1HG43,c:\Users\Longer\Documents\自写生信论文\data\structures\AF-Q1HG43-F1-model_v6.pdb
GPR171,O14626,c:\Users\Longer\Documents\自写生信论文\data\structures\AF-O14626-F1-model_v6.pdb
SLC6A9,P48067,c:\Users\Longer\Documents\自写生信论文\data\structures\AF-P48067-F1-model_v6.pdb
TRGC2,P03986,c:\Users\Longer\Documents\自写生信论文\data\structures\AF-P03986-F1-model_v6.pdb
CEACAM21,Q3KPI0,c:\Users\Longer\Documents\自写生信论文\data\structures\AF-Q3KPI0-F1-model_v6.pdb
SPPL2A,Q8TCT8,c:\Users\Longer\Documents\自写生信论文\data\structures\AF-Q8TCT8-F1-model_v6.pdb
PROM1,O43490,c:\Users\Longer\Documents\自写生信论文\data\structures\AF-O43490-F1-model_v6.pdb
FCER1A,P12319,c:\Users\Longer\Documents\自写生信论文\data\structures\AF-P12319-F1-model_v6.pdb
FPR1,P21462,c:\Users\Longer\Documents\自写生信论文\data\structures\AF-P21462-F1-model_v6.pdb
SLC5A3,P53794,c:\Users\Longer\Documents\自写生信论文\data\structures\AF-P53794-F1-model_v6.pdb
NRROS,Q86YC3,c:\Users\Longer\Documents\自写生信论文\data\structures\AF-Q86YC3-F1-model_v6.pdb
S1PR2,O95136,c:\Users\Longer\Documents\自写生信论文\data\structures\AF-O95136-F1-model_v6.pdb
MFAP3,P55082,c:\Users\Longer\Documents\自写生信论文\data\structures\AF-P55082-F1-model_v6.pdb
SIRPB1,Q5TFQ8,c:\Users\Longer\Documents\自写生信论文\data\structures\AF-Q5TFQ8-F1-model_v6.pdb
MFSD11,O43934,c:\Users\Longer\Documents\自写生信论文\data\structures\AF-O43934-F1-model_v6.pdb
SLC6A12,P48065,c:\Users\Longer\Documents\自写生信论文\data\structures\AF-P48065-F1-model_v6.pdb
NT5E,P21589,c:\Users\Longer\Documents\自写生信论文\data\structures\AF-P21589-F1-model_v6.pdb
NKAIN1,Q4KMZ8,c:\Users\Longer\Documents\自写生信论文\data\structures\AF-Q4KMZ8-F1-model_v6.pdb
TMEM217,Q8N7C4,c:\Users\Longer\Documents\自写生信论文\data\structures\AF-Q8N7C4-F1-model_v6.pdb
TMEM62,Q0P6H9,c:\Users\Longer\Documents\自写生信论文\data\structures\AF-Q0P6H9-F1-model_v6.pdb
MME,P08473,c:\Users\Longer\Documents\自写生信论文\data\structures\AF-P08473-F1-model_v6.pdb
SLC2A6,Q9UGQ3,c:\Users\Longer\Documents\自写生信论文\data\structures\AF-Q9UGQ3-F1-model_v6.pdb
C5AR1,P21730,c:\Users\Longer\Documents\自写生信论文\data\structures\AF-P21730-F1-model_v6.pdb
TLR2,O60603,c:\Users\Longer\Documents\自写生信论文\data\structures\AF-O60603-F1-model_v6.pdb
CCR2,P41597,c:\Users\Longer\Documents\自写生信论文\data\structures\AF-P41597-F1-model_v6.pdb
LRFN1,Q9P244,c:\Users\Longer\Documents\自写生信论文\data\structures\AF-Q9P244-F1-model_v6.pdb
FLVCR2,Q9UPI3,c:\Users\Longer\Documents\自写生信论文\data\structures\AF-Q9UPI3-F1-model_v6.pdb
PDCD1,Q15116,c:\Users\Longer\Documents\自写生信论文\data\structures\AF-Q15116-F1-model_v6.pdb
CD1B,P29016,c:\Users\Longer\Documents\自写生信论文\data\structures\AF-P29016-F1-model_v6.pdb
CLEC7A,Q9BXN2,c:\Users\Longer\Documents\自写生信论文\data\structures\AF-Q9BXN2-F1-model_v6.pdb
BTC,P35070,c:\Users\Longer\Documents\自写生信论文\data\structures\AF-P35070-F1-model_v6.pdb
PTCRA,Q6ISU1,c:\Users\Longer\Documents\自写生信论文\data\structures\AF-Q6ISU1-F1-model_v6.pdb
SIGLEC15,Q6ZMC9,c:\Users\Longer\Documents\自写生信论文\data\structures\AF-Q6ZMC9-F1-model_v6.pdb
EFNB3,Q15768,c:\Users\Longer\Documents\自写生信论文\data\structures\AF-Q15768-F1-model_v6.pdb
CSPG5,O95196,c:\Users\Longer\Documents\自写生信论文\data\structures\AF-O95196-F1-model_v6.pdb
SLITRK6,Q9H5Y7,c:\Users\Longer\Documents\自写生信论文\data\structures\AF-Q9H5Y7-F1-model_v6.pdb
PSEN2,P49810,c:\Users\Longer\Documents\自写生信论文\data\structures\AF-P49810-F1-model_v6.pdb
PRLR,P16471,c:\Users\Longer\Documents\自写生信论文\data\structures\AF-P16471-F1-model_v6.pdb
CHRNA1,P02708,c:\Users\Longer\Documents\自写生信论文\data\structures\AF-P02708-F1-model_v6.pdb
GPR161,Q8N6U8,c:\Users\Longer\Documents\自写生信论文\data\structures\AF-Q8N6U8-F1-model_v6.pdb
FURIN,P09958,c:\Users\Longer\Documents\自写生信论文\data\structures\AF-P09958-F1-model_v6.pdb
P2RY2,P41231,c:\Users\Longer\Documents\自写生信论文\data\structures\AF-P41231-F1-model_v6.pdb
CLDN2,P57739,c:\Users\Longer\Documents\自写生信论文\data\structures\AF-P57739-F1-model_v6.pdb
MUC13,Q9H3R2,c:\Users\Longer\Documents\自写生信论文\data\structures\AF-Q9H3R2-F1-model_v6.pdb
MYOF,Q9NZM1,c:\Users\Longer\Documents\自写生信论文\data\structures\AF-Q9NZM1-F1-model_v6.pdb
CDHR2,Q9BYE9,c:\Users\Longer\Documents\自写生信论文\data\structures\AF-Q9BYE9-F1-model_v6.pdb
GABRQ,Q9UN88,c:\Users\Longer\Documents\自写生信论文\data\structures\AF-Q9UN88-F1-model_v6.pdb
GPR183,P32249,c:\Users\Longer\Documents\自写生信论文\data\structures\AF-P32249-F1-model_v6.pdb
CNNM3,Q8NE01,c:\Users\Longer\Documents\自写生信论文\data\structures\AF-Q8NE01-F1-model_v6.pdb
LRRN1,Q6UXK5,c:\Users\Longer\Documents\自写生信论文\data\structures\AF-Q6UXK5-F1-model_v6.pdb
CD80,P33681,c:\Users\Longer\Documents\自写生信论文\data\structures\AF-P33681-F1-model_v6.pdb
AQP9,O43315,c:\Users\Longer\Documents\自写生信论文\data\structures\AF-O43315-F1-model_v6.pdb
CX3CL1,P78423,c:\Users\Longer\Documents\自写生信论文\data\structures\AF-P78423-F1-model_v6.pdb
UPK2,O00526,c:\Users\Longer\Documents\自写生信论文\data\structures\AF-O00526-F1-model_v6.pdb
SUCNR1,Q9BXA5,c:\Users\Longer\Documents\自写生信论文\data\structures\AF-Q9BXA5-F1-model_v6.pdb
GPR27,Q9NS67,c:\Users\Longer\Documents\自写生信论文\data\structures\AF-Q9NS67-F1-model_v6.pdb
PCDHA11,Q9Y5I1,c:\Users\Longer\Documents\自写生信论文\data\structures\AF-Q9Y5I1-F1-model_v6.pdb
IGF1R,P08069,c:\Users\Longer\Documents\自写生信论文\data\structures\AF-P08069-F1-model_v6.pdb
LRP12,Q9Y561,c:\Users\Longer\Documents\自写生信论文\data\structures\AF-Q9Y561-F1-model_v6.pdb
VNN1,O95497,c:\Users\Longer\Documents\自写生信论文\data\structures\AF-O95497-F1-model_v6.pdb
HCAR3,P49019,c:\Users\Longer\Documents\自写生信论文\data\structures\AF-P49019-F1-model_v6.pdb
SEMA5B,Q9P283,c:\Users\Longer\Documents\自写生信论文\data\structures\AF-Q9P283-F1-model_v6.pdb
MRC2,Q9UBG0,c:\Users\Longer\Documents\自写生信论文\data\structures\AF-Q9UBG0-F1-model_v6.pdb
SLC26A2,P50443,c:\Users\Longer\Documents\自写生信论文\data\structures\AF-P50443-F1-model_v6.pdb
GRM8,O00222,c:\Users\Longer\Documents\自写生信论文\data\structures\AF-O00222-F1-model_v6.pdb
UPK1B,O75841,c:\Users\Longer\Documents\自写生信论文\data\structures\AF-O75841-F1-model_v6.pdb
EFNB1,P98172,c:\Users\Longer\Documents\自写生信论文\data\structures\AF-P98172-F1-model_v6.pdb
PDCD1LG2,Q9BQ51,c:\Users\Longer\Documents\自写生信论文\data\structures\AF-Q9BQ51-F1-model_v6.pdb
TMEM26,Q6ZUK4,c:\Users\Longer\Documents\自写生信论文\data\structures\AF-Q6ZUK4-F1-model_v6.pdb
BMPR2,Q13873,c:\Users\Longer\Documents\自写生信论文\data\structures\AF-Q13873-F1-model_v6.pdb
SEMA4G,Q9NTN9,c:\Users\Longer\Documents\自写生信论文\data\structures\AF-Q9NTN9-F1-model_v6.pdb
SLC12A2,P55011,c:\Users\Longer\Documents\自写生信论文\data\structures\AF-P55011-F1-model_v6.pdb
GJB6,O95452,c:\Users\Longer\Documents\自写生信论文\data\structures\AF-O95452-F1-model_v6.pdb
CD109,Q6YHK3,c:\Users\Longer\Documents\自写生信论文\data\structures\AF-Q6YHK3-F1-model_v6.pdb
CCR4,P51679,c:\Users\Longer\Documents\自写生信论文\data\structures\AF-P51679-F1-model_v6.pdb
S1PR5,Q9H228,c:\Users\Longer\Documents\自写生信论文\data\structures\AF-Q9H228-F1-model_v6.pdb
LMBRD2,Q68DH5,c:\Users\Longer\Documents\自写生信论文\data\structures\AF-Q68DH5-F1-model_v6.pdb
ANO6,Q4KMQ2,c:\Users\Longer\Documents\自写生信论文\data\structures\AF-Q4KMQ2-F1-model_v6.pdb
ABCB9,Q9NP78,c:\Users\Longer\Documents\自写生信论文\data\structures\AF-Q9NP78-F1-model_v6.pdb
SLC12A9,Q9BXP2,c:\Users\Longer\Documents\自写生信论文\data\structures\AF-Q9BXP2-F1-model_v6.pdb
CD28,P10747,c:\Users\Longer\Documents\自写生信论文\data\structures\AF-P10747-F1-model_v6.pdb
GPR65,Q8IYL9,c:\Users\Longer\Documents\自写生信论文\data\structures\AF-Q8IYL9-F1-model_v6.pdb
GPR137,Q96N19,c:\Users\Longer\Documents\自写生信论文\data\structures\AF-Q96N19-F1-model_v6.pdb
ADAM15,Q13444,c:\Users\Longer\Documents\自写生信论文\data\structures\AF-Q13444-F1-model_v6.pdb
ASTN2,O75129,c:\Users\Longer\Documents\自写生信论文\data\structures\AF-O75129-F1-model_v6.pdb
SLC22A23,A1A5C7,c:\Users\Longer\Documents\自写生信论文\data\structures\AF-A1A5C7-F1-model_v6.pdb
SLCO4C1,Q6ZQN7,c:\Users\Longer\Documents\自写生信论文\data\structures\AF-Q6ZQN7-F1-model_v6.pdb
OXTR,P30559,c:\Users\Longer\Documents\自写生信论文\data\structures\AF-P30559-F1-model_v6.pdb
ROR2,Q01974,c:\Users\Longer\Documents\自写生信论文\data\structures\AF-Q01974-F1-model_v6.pdb
UPK3A,O75631,c:\Users\Longer\Documents\自写生信论文\data\structures\AF-O75631-F1-model_v6.pdb
GPR108,Q9NPR9,c:\Users\Longer\Documents\自写生信论文\data\structures\AF-Q9NPR9-F1-model_v6.pdb
TGOLN2,O43493,c:\Users\Longer\Documents\自写生信论文\data\structures\AF-O43493-F1-model_v6.pdb
TMEM25,Q86YD3,c:\Users\Longer\Documents\自写生信论文\data\structures\AF-Q86YD3-F1-model_v6.pdb
LYSMD3,Q7Z3D4,c:\Users\Longer\Documents\自写生信论文\data\structures\AF-Q7Z3D4-F1-model_v6.pdb
SDK1,Q7Z5N4,c:\Users\Longer\Documents\自写生信论文\data\structures\AF-Q7Z5N4-F1-model_v6.pdb
QSOX2,Q6ZRP7,c:\Users\Longer\Documents\自写生信论文\data\structures\AF-Q6ZRP7-F1-model_v6.pdb
VSIG1,Q86XK7,c:\Users\Longer\Documents\自写生信论文\data\structures\AF-Q86XK7-F1-model_v6.pdb
KIAA1549L,Q6ZVL6,c:\Users\Longer\Documents\自写生信论文\data\structures\AF-Q6ZVL6-F1-model_v6.pdb
BMPR1A,P36894,c:\Users\Longer\Documents\自写生信论文\data\structures\AF-P36894-F1-model_v6.pdb
LRFN3,Q9BTN0,c:\Users\Longer\Documents\自写生信论文\data\structures\AF-Q9BTN0-F1-model_v6.pdb
DAGLB,Q8NCG7,c:\Users\Longer\Documents\自写生信论文\data\structures\AF-Q8NCG7-F1-model_v6.pdb
GPR141,Q7Z602,c:\Users\Longer\Documents\自写生信论文\data\structures\AF-Q7Z602-F1-model_v6.pdb
SLC10A3,P09131,c:\Users\Longer\Documents\自写生信论文\data\structures\AF-P09131-F1-model_v6.pdb
TNFRSF1B,P20333,c:\Users\Longer\Documents\自写生信论文\data\structures\AF-P20333-F1-model_v6.pdb
GPR68,Q15743,c:\Users\Longer\Documents\自写生信论文\data\structures\AF-Q15743-F1-model_v6.pdb
CHRNB4,P30926,c:\Users\Longer\Documents\自写生信论文\data\structures\AF-P30926-F1-model_v6.pdb
FASLG,P48023,c:\Users\Longer\Documents\自写生信论文\data\structures\AF-P48023-F1-model_v6.pdb
SIGLEC8,Q9NYZ4,c:\Users\Longer\Documents\自写生信论文\data\structures\AF-Q9NYZ4-F1-model_v6.pdb
TLR8,Q9NR97,c:\Users\Longer\Documents\自写生信论文\data\structures\AF-Q9NR97-F1-model_v6.pdb
STS,P08842,c:\Users\Longer\Documents\自写生信论文\data\structures\AF-P08842-F1-model_v6.pdb
SLC13A2,Q13183,c:\Users\Longer\Documents\自写生信论文\data\structures\AF-Q13183-F1-model_v6.pdb
SLC16A4,O15374,c:\Users\Longer\Documents\自写生信论文\data\structures\AF-O15374-F1-model_v6.pdb
DCBLD2,Q96PD2,c:\Users\Longer\Documents\自写生信论文\data\structures\AF-Q96PD2-F1-model_v6.pdb
ANTXR1,Q9H6X2,c:\Users\Longer\Documents\自写生信论文\data\structures\AF-Q9H6X2-F1-model_v6.pdb
TNFRSF11A,Q9Y6Q6,c:\Users\Longer\Documents\自写生信论文\data\structures\AF-Q9Y6Q6-F1-model_v6.pdb
RNF167,Q9H6Y7,c:\Users\Longer\Documents\自写生信论文\data\structures\AF-Q9H6Y7-F1-model_v6.pdb
TMEM67,Q5HYA8,c:\Users\Longer\Documents\自写生信论文\data\structures\AF-Q5HYA8-F1-model_v6.pdb
PCDHB2,Q9Y5E7,c:\Users\Longer\Documents\自写生信论文\data\structures\AF-Q9Y5E7-F1-model_v6.pdb
TMPRSS11E,Q9UL52,c:\Users\Longer\Documents\自写生信论文\data\structures\AF-Q9UL52-F1-model_v6.pdb
ASIC1,P78348,c:\Users\Longer\Documents\自写生信论文\data\structures\AF-P78348-F1-model_v6.pdb
CD274,Q9NZQ7,c:\Users\Longer\Documents\自写生信论文\data\structures\AF-Q9NZQ7-F1-model_v6.pdb
PLVAP,Q9BX97,c:\Users\Longer\Documents\自写生信论文\data\structures\AF-Q9BX97-F1-model_v6.pdb
ADORA1,P30542,c:\Users\Longer\Documents\自写生信论文\data\structures\AF-P30542-F1-model_v6.pdb
SEMA5A,Q13591,c:\Users\Longer\Documents\自写生信论文\data\structures\AF-Q13591-F1-model_v6.pdb
TRABD2A,Q86V40,c:\Users\Longer\Documents\自写生信论文\data\structures\AF-Q86V40-F1-model_v6.pdb
LRRC37A2,A6NM11,c:\Users\Longer\Documents\自写生信论文\data\structures\AF-A6NM11-F1-model_v6.pdb
GPRC5D,Q9NZD1,c:\Users\Longer\Documents\自写生信论文\data\structures\AF-Q9NZD1-F1-model_v6.pdb
LILRA5,A6NI73,c:\Users\Longer\Documents\自写生信论文\data\structures\AF-A6NI73-F1-model_v6.pdb
PTPRR,Q15256,c:\Users\Longer\Documents\自写生信论文\data\structures\AF-Q15256-F1-model_v6.pdb
SDK2,Q58EX2,c:\Users\Longer\Documents\自写生信论文\data\structures\AF-Q58EX2-F1-model_v6.pdb
HHLA2,Q9UM44,c:\Users\Longer\Documents\自写生信论文\data\structures\AF-Q9UM44-F1-model_v6.pdb
RNFT1,Q5M7Z0,c:\Users\Longer\Documents\自写生信论文\data\structures\AF-Q5M7Z0-F1-model_v6.pdb
TRAT1,Q6PIZ9,c:\Users\Longer\Documents\自写生信论文\data\structures\AF-Q6PIZ9-F1-model_v6.pdb
ENPEP,Q07075,c:\Users\Longer\Documents\自写生信论文\data\structures\AF-Q07075-F1-model_v6.pdb
CCR7,P32248,c:\Users\Longer\Documents\自写生信论文\data\structures\AF-P32248-F1-model_v6.pdb
DLK2,Q6UY11,c:\Users\Longer\Documents\自写生信论文\data\structures\AF-Q6UY11-F1-model_v6.pdb
LILRA2,Q8N149,c:\Users\Longer\Documents\自写生信论文\data\structures\AF-Q8N149-F1-model_v6.pdb
IFNGR1,P15260,c:\Users\Longer\Documents\自写生信论文\data\structures\AF-P15260-F1-model_v6.pdb
RNF149,Q8NC42,c:\Users\Longer\Documents\自写生信论文\data\structures\AF-Q8NC42-F1-model_v6.pdb
GABRG3,Q99928,c:\Users\Longer\Documents\自写生信论文\data\structures\AF-Q99928-F1-model_v6.pdb
SLC15A2,Q16348,c:\Users\Longer\Documents\自写生信论文\data\structures\AF-Q16348-F1-model_v6.pdb
LRRN4,Q8WUT4,c:\Users\Longer\Documents\自写生信论文\data\structures\AF-Q8WUT4-F1-model_v6.pdb
VNN2,O95498,c:\Users\Longer\Documents\自写生信论文\data\structures\AF-O95498-F1-model_v6.pdb
CD58,P19256,c:\Users\Longer\Documents\自写生信论文\data\structures\AF-P19256-F1-model_v6.pdb
PCDHB10,Q9UN67,c:\Users\Longer\Documents\自写生信论文\data\structures\AF-Q9UN67-F1-model_v6.pdb
PLXND1,Q9Y4D7,c:\Users\Longer\Documents\自写生信论文\data\structures\AF-Q9Y4D7-F1-model_v6.pdb
NCR3,O14931,c:\Users\Longer\Documents\自写生信论文\data\structures\AF-O14931-F1-model_v6.pdb
TSPAN9,O75954,c:\Users\Longer\Documents\自写生信论文\data\structures\AF-O75954-F1-model_v6.pdb
PKD2L1,Q9P0L9,c:\Users\Longer\Documents\自写生信论文\data\structures\AF-Q9P0L9-F1-model_v6.pdb
CRTAM,O95727,c:\Users\Longer\Documents\自写生信论文\data\structures\AF-O95727-F1-model_v6.pdb
CYSLTR1,Q9Y271,c:\Users\Longer\Documents\自写生信论文\data\structures\AF-Q9Y271-F1-model_v6.pdb
SLAMF1,Q13291,c:\Users\Longer\Documents\自写生信论文\data\structures\AF-Q13291-F1-model_v6.pdb
PTH2R,P49190,c:\Users\Longer\Documents\自写生信论文\data\structures\AF-P49190-F1-model_v6.pdb
FCGR3B,O75015,c:\Users\Longer\Documents\自写生信论文\data\structures\AF-O75015-F1-model_v6.pdb
SCN8A,Q9UQD0,c:\Users\Longer\Documents\自写生信论文\data\structures\AF-Q9UQD0-F1-model_v6.pdb
UNC5A,Q6ZN44,c:\Users\Longer\Documents\自写生信论文\data\structures\AF-Q6ZN44-F1-model_v6.pdb
GP1BB,P13224,c:\Users\Longer\Documents\自写生信论文\data\structures\AF-P13224-F1-model_v6.pdb
GPR153,Q6NV75,c:\Users\Longer\Documents\自写生信论文\data\structures\AF-Q6NV75-F1-model_v6.pdb
TMEM140,Q9NV12,c:\Users\Longer\Documents\自写生信论文\data\structures\AF-Q9NV12-F1-model_v6.pdb
SLC41A3,Q96GZ6,c:\Users\Longer\Documents\自写生信论文\data\structures\AF-Q96GZ6-F1-model_v6.pdb
CNNM2,Q9H8M5,c:\Users\Longer\Documents\自写生信论文\data\structures\AF-Q9H8M5-F1-model_v6.pdb
SLC11A2,P49281,c:\Users\Longer\Documents\自写生信论文\data\structures\AF-P49281-F1-model_v6.pdb
LRFN4,Q6PJG9,c:\Users\Longer\Documents\自写生信论文\data\structures\AF-Q6PJG9-F1-model_v6.pdb
ULBP1,Q9BZM6,c:\Users\Longer\Documents\自写生信论文\data\structures\AF-Q9BZM6-F1-model_v6.pdb
KISS1R,Q969F8,c:\Users\Longer\Documents\自写生信论文\data\structures\AF-Q969F8-F1-model_v6.pdb
CDH7,Q9ULB5,c:\Users\Longer\Documents\自写生信论文\data\structures\AF-Q9ULB5-F1-model_v6.pdb
CD55,P08174,c:\Users\Longer\Documents\自写生信论文\data\structures\AF-P08174-F1-model_v6.pdb
CR2,P20023,c:\Users\Longer\Documents\自写生信论文\data\structures\AF-P20023-F1-model_v6.pdb
GPR3,P46089,c:\Users\Longer\Documents\自写生信论文\data\structures\AF-P46089-F1-model_v6.pdb
OPRL1,P41146,c:\Users\Longer\Documents\自写生信论文\data\structures\AF-P41146-F1-model_v6.pdb
TMEM116,Q8NCL8,c:\Users\Longer\Documents\自写生信论文\data\structures\AF-Q8NCL8-F1-model_v6.pdb
CHRNA9,Q9UGM1,c:\Users\Longer\Documents\自写生信论文\data\structures\AF-Q9UGM1-F1-model_v6.pdb
CLDN6,P56747,c:\Users\Longer\Documents\自写生信论文\data\structures\AF-P56747-F1-model_v6.pdb
NRP1,O14786,c:\Users\Longer\Documents\自写生信论文\data\structures\AF-O14786-F1-model_v6.pdb
PTPRU,Q92729,c:\Users\Longer\Documents\自写生信论文\data\structures\AF-Q92729-F1-model_v6.pdb
DUOX1,Q9NRD9,c:\Users\Longer\Documents\自写生信论文\data\structures\AF-Q9NRD9-F1-model_v6.pdb
CHRNB1,P11230,c:\Users\Longer\Documents\自写生信论文\data\structures\AF-P11230-F1-model_v6.pdb
CSF2RB,P32927,c:\Users\Longer\Documents\自写生信论文\data\structures\AF-P32927-F1-model_v6.pdb
SLC22A5,O76082,c:\Users\Longer\Documents\自写生信论文\data\structures\AF-O76082-F1-model_v6.pdb
CD19,P15391,c:\Users\Longer\Documents\自写生信论文\data\structures\AF-P15391-F1-model_v6.pdb
GPR85,P60893,c:\Users\Longer\Documents\自写生信论文\data\structures\AF-P60893-F1-model_v6.pdb
SPNS3,Q6ZMD2,c:\Users\Longer\Documents\自写生信论文\data\structures\AF-Q6ZMD2-F1-model_v6.pdb
SLC2A5,P22732,c:\Users\Longer\Documents\自写生信论文\data\structures\AF-P22732-F1-model_v6.pdb
HEG1,Q9ULI3,c:\Users\Longer\Documents\自写生信论文\data\structures\AF-Q9ULI3-F1-model_v6.pdb
IL10RA,Q13651,c:\Users\Longer\Documents\自写生信论文\data\structures\AF-Q13651-F1-model_v6.pdb
ATP1A3,P13637,c:\Users\Longer\Documents\自写生信论文\data\structures\AF-P13637-F1-model_v6.pdb
SIGIRR,Q6IA17,c:\Users\Longer\Documents\自写生信论文\data\structures\AF-Q6IA17-F1-model_v6.pdb
ALPL,P05186,c:\Users\Longer\Documents\自写生信论文\data\structures\AF-P05186-F1-model_v6.pdb
MYADM,Q96S97,c:\Users\Longer\Documents\自写生信论文\data\structures\AF-Q96S97-F1-model_v6.pdb
ICAM4,Q14773,c:\Users\Longer\Documents\自写生信论文\data\structures\AF-Q14773-F1-model_v6.pdb
SLC44A2,Q8IWA5,c:\Users\Longer\Documents\自写生信论文\data\structures\AF-Q8IWA5-F1-model_v6.pdb
CLDN9,O95484,c:\Users\Longer\Documents\自写生信论文\data\structures\AF-O95484-F1-model_v6.pdb
EFNA5,P52803,c:\Users\Longer\Documents\自写生信论文\data\structures\AF-P52803-F1-model_v6.pdb
PCDHB8,Q9UN66,c:\Users\Longer\Documents\自写生信论文\data\structures\AF-Q9UN66-F1-model_v6.pdb
LGR4,Q9BXB1,c:\Users\Longer\Documents\自写生信论文\data\structures\AF-Q9BXB1-F1-model_v6.pdb
CDH16,O75309,c:\Users\Longer\Documents\自写生信论文\data\structures\AF-O75309-F1-model_v6.pdb
SLC22A11,Q9NSA0,c:\Users\Longer\Documents\自写生信论文\data\structures\AF-Q9NSA0-F1-model_v6.pdb
OR2B6,P58173,c:\Users\Longer\Documents\自写生信论文\data\structures\AF-P58173-F1-model_v6.pdb
FCRL3,Q96P31,c:\Users\Longer\Documents\自写生信论文\data\structures\AF-Q96P31-F1-model_v6.pdb
SLC18A1,P54219,c:\Users\Longer\Documents\自写生信论文\data\structures\AF-P54219-F1-model_v6.pdb
CD40LG,P29965,c:\Users\Longer\Documents\自写生信论文\data\structures\AF-P29965-F1-model_v6.pdb
IL13RA2,Q14627,c:\Users\Longer\Documents\自写生信论文\data\structures\AF-Q14627-F1-model_v6.pdb
SIGLEC12,Q96PQ1,c:\Users\Longer\Documents\自写生信论文\data\structures\AF-Q96PQ1-F1-model_v6.pdb
PTPRA,P18433,c:\Users\Longer\Documents\自写生信论文\data\structures\AF-P18433-F1-model_v6.pdb
CLEC12A,Q5QGZ9,c:\Users\Longer\Documents\自写生信论文\data\structures\AF-Q5QGZ9-F1-model_v6.pdb
GPR137C,Q8N3F9,c:\Users\Longer\Documents\自写生信论文\data\structures\AF-Q8N3F9-F1-model_v6.pdb
FZD10,Q9ULW2,c:\Users\Longer\Documents\自写生信论文\data\structures\AF-Q9ULW2-F1-model_v6.pdb
ROBO2,Q9HCK4,c:\Users\Longer\Documents\自写生信论文\data\structures\AF-Q9HCK4-F1-model_v6.pdb
BTN2A2,Q8WVV5,c:\Users\Longer\Documents\自写生信论文\data\structures\AF-Q8WVV5-F1-model_v6.pdb
SLC24A2,Q9UI40,c:\Users\Longer\Documents\自写生信论文\data\structures\AF-Q9UI40-F1-model_v6.pdb
CASR,P41180,c:\Users\Longer\Documents\自写生信论文\data\structures\AF-P41180-F1-model_v6.pdb
IL17RE,Q8NFR9,c:\Users\Longer\Documents\自写生信论文\data\structures\AF-Q8NFR9-F1-model_v6.pdb
PCDHAC2,Q9Y5I4,c:\Users\Longer\Documents\自写生信论文\data\structures\AF-Q9Y5I4-F1-model_v6.pdb
GJA3,Q9Y6H8,c:\Users\Longer\Documents\自写生信论文\data\structures\AF-Q9Y6H8-F1-model_v6.pdb
HLA-E,P13747,c:\Users\Longer\Documents\自写生信论文\data\structures\AF-P13747-F1-model_v6.pdb
IL9R,Q01113,c:\Users\Longer\Documents\自写生信论文\data\structures\AF-Q01113-F1-model_v6.pdb
PCDHB16,Q9NRJ7,c:\Users\Longer\Documents\自写生信论文\data\structures\AF-Q9NRJ7-F1-model_v6.pdb
OR7A5,Q15622,c:\Users\Longer\Documents\自写生信论文\data\structures\AF-Q15622-F1-model_v6.pdb
TPRA1,Q86W33,c:\Users\Longer\Documents\自写生信论文\data\structures\AF-Q86W33-F1-model_v6.pdb
SPACA4,Q8TDM5,c:\Users\Longer\Documents\自写生信论文\data\structures\AF-Q8TDM5-F1-model_v6.pdb
FCGRT,P55899,c:\Users\Longer\Documents\自写生信论文\data\structures\AF-P55899-F1-model_v6.pdb
PLXNA1,Q9UIW2,c:\Users\Longer\Documents\自写生信论文\data\structures\AF-Q9UIW2-F1-model_v6.pdb
ELFN1,P0C7U0,c:\Users\Longer\Documents\自写生信论文\data\structures\AF-P0C7U0-F1-model_v6.pdb
PRND,Q9UKY0,c:\Users\Longer\Documents\自写生信论文\data\structures\AF-Q9UKY0-F1-model_v6.pdb
CPM,P14384,c:\Users\Longer\Documents\自写生信论文\data\structures\AF-P14384-F1-model_v6.pdb
SLC26A9,Q7LBE3,c:\Users\Longer\Documents\自写生信论文\data\structures\AF-Q7LBE3-F1-model_v6.pdb
SLC38A8,A6NNN8,c:\Users\Longer\Documents\自写生信论文\data\structures\AF-A6NNN8-F1-model_v6.pdb
ACE2,Q9BYF1,c:\Users\Longer\Documents\自写生信论文\data\structures\AF-Q9BYF1-F1-model_v6.pdb
MEP1A,Q16819,c:\Users\Longer\Documents\自写生信论文\data\structures\AF-Q16819-F1-model_v6.pdb
LYPD8,Q6UX82,c:\Users\Longer\Documents\自写生信论文\data\structures\AF-Q6UX82-F1-model_v6.pdb
SLC16A6,O15403,c:\Users\Longer\Documents\自写生信论文\data\structures\AF-O15403-F1-model_v6.pdb
FAM174A,Q8TBP5,c:\Users\Longer\Documents\自写生信论文\data\structures\AF-Q8TBP5-F1-model_v6.pdb
LMBRD1,Q9NUN5,c:\Users\Longer\Documents\自写生信论文\data\structures\AF-Q9NUN5-F1-model_v6.pdb
KCNS1,Q96KK3,c:\Users\Longer\Documents\自写生信论文\data\structures\AF-Q96KK3-F1-model_v6.pdb
RAET1G,Q6H3X3,c:\Users\Longer\Documents\自写生信论文\data\structures\AF-Q6H3X3-F1-model_v6.pdb
TIMD4,Q96H15,c:\Users\Longer\Documents\自写生信论文\data\structures\AF-Q96H15-F1-model_v6.pdb
PCDHA12,Q9UN75,c:\Users\Longer\Documents\自写生信论文\data\structures\AF-Q9UN75-F1-model_v6.pdb
FZD7,O75084,c:\Users\Longer\Documents\自写生信论文\data\structures\AF-O75084-F1-model_v6.pdb
NPTN,Q9Y639,c:\Users\Longer\Documents\自写生信论文\data\structures\AF-Q9Y639-F1-model_v6.pdb
TNFRSF13B,O14836,c:\Users\Longer\Documents\自写生信论文\data\structures\AF-O14836-F1-model_v6.pdb
LPAR6,P43657,c:\Users\Longer\Documents\自写生信论文\data\structures\AF-P43657-F1-model_v6.pdb
TMIGD2,Q96BF3,c:\Users\Longer\Documents\自写生信论文\data\structures\AF-Q96BF3-F1-model_v6.pdb
PHEX,P78562,c:\Users\Longer\Documents\自写生信论文\data\structures\AF-P78562-F1-model_v6.pdb
SERINC3,Q13530,c:\Users\Longer\Documents\自写生信论文\data\structures\AF-Q13530-F1-model_v6.pdb
TLR10,Q9BXR5,c:\Users\Longer\Documents\自写生信论文\data\structures\AF-Q9BXR5-F1-model_v6.pdb
GGT3P,A6NGU5,c:\Users\Longer\Documents\自写生信论文\data\structures\AF-A6NGU5-F1-model_v6.pdb
GPR18,Q14330,c:\Users\Longer\Documents\自写生信论文\data\structures\AF-Q14330-F1-model_v6.pdb
TMEM178B,H3BS89,c:\Users\Longer\Documents\自写生信论文\data\structures\AF-H3BS89-F1-model_v6.pdb
RELT,Q969Z4,c:\Users\Longer\Documents\自写生信论文\data\structures\AF-Q969Z4-F1-model_v6.pdb
BTLA,Q7Z6A9,c:\Users\Longer\Documents\自写生信论文\data\structures\AF-Q7Z6A9-F1-model_v6.pdb
TMPRSS6,Q8IU80,c:\Users\Longer\Documents\自写生信论文\data\structures\AF-Q8IU80-F1-model_v6.pdb
PRRT3,Q5FWE3,c:\Users\Longer\Documents\自写生信论文\data\structures\AF-Q5FWE3-F1-model_v6.pdb
HTR2B,P41595,c:\Users\Longer\Documents\自写生信论文\data\structures\AF-P41595-F1-model_v6.pdb
F2RL3,Q96RI0,c:\Users\Longer\Documents\自写生信论文\data\structures\AF-Q96RI0-F1-model_v6.pdb
FAM171A1,Q5VUB5,c:\Users\Longer\Documents\自写生信论文\data\structures\AF-Q5VUB5-F1-model_v6.pdb
SLC23A1,Q9UHI7,c:\Users\Longer\Documents\自写生信论文\data\structures\AF-Q9UHI7-F1-model_v6.pdb
RYK,P34925,c:\Users\Longer\Documents\自写生信论文\data\structures\AF-P34925-F1-model_v6.pdb
AQP5,P55064,c:\Users\Longer\Documents\自写生信论文\data\structures\AF-P55064-F1-model_v6.pdb
ABCC11,Q96J66,c:\Users\Longer\Documents\自写生信论文\data\structures\AF-Q96J66-F1-model_v6.pdb
FFAR4,Q5NUL3,c:\Users\Longer\Documents\自写生信论文\data\structures\AF-Q5NUL3-F1-model_v6.pdb
CD244,Q9BZW8,c:\Users\Longer\Documents\自写生信论文\data\structures\AF-Q9BZW8-F1-model_v6.pdb
MS4A1,P11836,c:\Users\Longer\Documents\自写生信论文\data\structures\AF-P11836-F1-model_v6.pdb
ADIPOR2,Q86V24,c:\Users\Longer\Documents\自写生信论文\data\structures\AF-Q86V24-F1-model_v6.pdb
GABBR2,O75899,c:\Users\Longer\Documents\自写生信论文\data\structures\AF-O75899-F1-model_v6.pdb
XCR1,P46094,c:\Users\Longer\Documents\自写生信论文\data\structures\AF-P46094-F1-model_v6.pdb
OR51E1,Q8TCB6,c:\Users\Longer\Documents\自写生信论文\data\structures\AF-Q8TCB6-F1-model_v6.pdb
TNFSF18,Q9UNG2,c:\Users\Longer\Documents\自写生信论文\data\structures\AF-Q9UNG2-F1-model_v6.pdb
EGF,P01133,c:\Users\Longer\Documents\自写生信论文\data\structures\AF-P01133-F1-model_v6.pdb
GJB7,Q6PEY0,c:\Users\Longer\Documents\自写生信论文\data\structures\AF-Q6PEY0-F1-model_v6.pdb
SLC6A20,Q9NP91,c:\Users\Longer\Documents\自写生信论文\data\structures\AF-Q9NP91-F1-model_v6.pdb
GRM4,Q14833,c:\Users\Longer\Documents\自写生信论文\data\structures\AF-Q14833-F1-model_v6.pdb
KIRREL2,Q6UWL6,c:\Users\Longer\Documents\自写生信论文\data\structures\AF-Q6UWL6-F1-model_v6.pdb
PTPRN,Q16849,c:\Users\Longer\Documents\自写生信论文\data\structures\AF-Q16849-F1-model_v6.pdb
SLC5A12,Q1EHB4,c:\Users\Longer\Documents\自写生信论文\data\structures\AF-Q1EHB4-F1-model_v6.pdb
SLC4A8,Q2Y0W8,c:\Users\Longer\Documents\自写生信论文\data\structures\AF-Q2Y0W8-F1-model_v6.pdb
TPBGL,P0DKB5,c:\Users\Longer\Documents\自写生信论文\data\structures\AF-P0DKB5-F1-model_v6.pdb
RNF130,Q86XS8,c:\Users\Longer\Documents\自写生信论文\data\structures\AF-Q86XS8-F1-model_v6.pdb
FFAR2,O15552,c:\Users\Longer\Documents\自写生信论文\data\structures\AF-O15552-F1-model_v6.pdb
SLCO5A1,Q9H2Y9,c:\Users\Longer\Documents\自写生信论文\data\structures\AF-Q9H2Y9-F1-model_v6.pdb
LY6H,O94772,c:\Users\Longer\Documents\自写生信论文\data\structures\AF-O94772-F1-model_v6.pdb
PCDHAC1,Q9H158,c:\Users\Longer\Documents\自写生信论文\data\structures\AF-Q9H158-F1-model_v6.pdb
KIAA0319,Q5VV43,c:\Users\Longer\Documents\自写生信论文\data\structures\AF-Q5VV43-F1-model_v6.pdb
KLRC2,P26717,c:\Users\Longer\Documents\自写生信论文\data\structures\AF-P26717-F1-model_v6.pdb
FZD8,Q9H461,c:\Users\Longer\Documents\自写生信论文\data\structures\AF-Q9H461-F1-model_v6.pdb
TMEFF1,Q8IYR6,c:\Users\Longer\Documents\自写生信论文\data\structures\AF-Q8IYR6-F1-model_v6.pdb
TRPV2,Q9Y5S1,c:\Users\Longer\Documents\自写生信论文\data\structures\AF-Q9Y5S1-F1-model_v6.pdb
AVPR1B,P47901,c:\Users\Longer\Documents\自写生信论文\data\structures\AF-P47901-F1-model_v6.pdb
SLC34A1,Q06495,c:\Users\Longer\Documents\自写生信论文\data\structures\AF-Q06495-F1-model_v6.pdb
QRFPR,Q96P65,c:\Users\Longer\Documents\自写生信论文\data\structures\AF-Q96P65-F1-model_v6.pdb
GPR25,O00155,c:\Users\Longer\Documents\自写生信论文\data\structures\AF-O00155-F1-model_v6.pdb
FCRL2,Q96LA5,c:\Users\Longer\Documents\自写生信论文\data\structures\AF-Q96LA5-F1-model_v6.pdb
NPY4R,P50391,c:\Users\Longer\Documents\自写生信论文\data\structures\AF-P50391-F1-model_v6.pdb
CDH17,Q12864,c:\Users\Longer\Documents\自写生信论文\data\structures\AF-Q12864-F1-model_v6.pdb
GPR174,Q9BXC1,c:\Users\Longer\Documents\自写生信论文\data\structures\AF-Q9BXC1-F1-model_v6.pdb
TMEM145,Q8NBT3,c:\Users\Longer\Documents\自写生信论文\data\structures\AF-Q8NBT3-F1-model_v6.pdb
GRM5,P41594,c:\Users\Longer\Documents\自写生信论文\data\structures\AF-P41594-F1-model_v6.pdb
SLC6A8,P48029,c:\Users\Longer\Documents\自写生信论文\data\structures\AF-P48029-F1-model_v6.pdb
NAGPA,Q9UK23,c:\Users\Longer\Documents\自写生信论文\data\structures\AF-Q9UK23-F1-model_v6.pdb
TMEM213,A2RRL7,c:\Users\Longer\Documents\自写生信论文\data\structures\AF-A2RRL7-F1-model_v6.pdb
PCDHA4,Q9UN74,c:\Users\Longer\Documents\自写生信论文\data\structures\AF-Q9UN74-F1-model_v6.pdb
CRB2,Q5IJ48,c:\Users\Longer\Documents\自写生信论文\data\structures\AF-Q5IJ48-F1-model_v6.pdb
TMX4,Q9H1E5,c:\Users\Longer\Documents\自写生信论文\data\structures\AF-Q9H1E5-F1-model_v6.pdb
TLR6,Q9Y2C9,c:\Users\Longer\Documents\自写生信论文\data\structures\AF-Q9Y2C9-F1-model_v6.pdb
DPEP2,Q9H4A9,c:\Users\Longer\Documents\自写生信论文\data\structures\AF-Q9H4A9-F1-model_v6.pdb
RET,P07949,c:\Users\Longer\Documents\自写生信论文\data\structures\AF-P07949-F1-model_v6.pdb
PTCHD4,Q6ZW05,c:\Users\Longer\Documents\自写生信论文\data\structures\AF-Q6ZW05-F1-model_v6.pdb
DUOX2,Q9NRD8,c:\Users\Longer\Documents\自写生信论文\data\structures\AF-Q9NRD8-F1-model_v6.pdb
GRAMD1B,Q3KR37,c:\Users\Longer\Documents\自写生信论文\data\structures\AF-Q3KR37-F1-model_v6.pdb
SLC39A2,Q9NP94,c:\Users\Longer\Documents\自写生信论文\data\structures\AF-Q9NP94-F1-model_v6.pdb
GPA33,Q99795,c:\Users\Longer\Documents\自写生信论文\data\structures\AF-Q99795-F1-model_v6.pdb
LRRC19,Q9H756,c:\Users\Longer\Documents\自写生信论文\data\structures\AF-Q9H756-F1-model_v6.pdb
CD226,Q15762,c:\Users\Longer\Documents\自写生信论文\data\structures\AF-Q15762-F1-model_v6.pdb
ECE1,P42892,c:\Users\Longer\Documents\自写生信论文\data\structures\AF-P42892-F1-model_v6.pdb
PCDHA1,Q9Y5I3,c:\Users\Longer\Documents\自写生信论文\data\structures\AF-Q9Y5I3-F1-model_v6.pdb
PTPRG,P23470,c:\Users\Longer\Documents\自写生信论文\data\structures\AF-P23470-F1-model_v6.pdb
PROCR,Q9UNN8,c:\Users\Longer\Documents\自写生信论文\data\structures\AF-Q9UNN8-F1-model_v6.pdb
FAM171B,Q6P995,c:\Users\Longer\Documents\自写生信论文\data\structures\AF-Q6P995-F1-model_v6.pdb
HTR3A,P46098,c:\Users\Longer\Documents\自写生信论文\data\structures\AF-P46098-F1-model_v6.pdb
ELFN2,Q5R3F8,c:\Users\Longer\Documents\自写生信论文\data\structures\AF-Q5R3F8-F1-model_v6.pdb
KLRC1,P26715,c:\Users\Longer\Documents\自写生信论文\data\structures\AF-P26715-F1-model_v6.pdb
SLC13A3,Q8WWT9,c:\Users\Longer\Documents\自写生信论文\data\structures\AF-Q8WWT9-F1-model_v6.pdb
SLC7A4,O43246,c:\Users\Longer\Documents\自写生信论文\data\structures\AF-O43246-F1-model_v6.pdb
CD300E,Q496F6,c:\Users\Longer\Documents\自写生信论文\data\structures\AF-Q496F6-F1-model_v6.pdb
SLC5A5,Q92911,c:\Users\Longer\Documents\自写生信论文\data\structures\AF-Q92911-F1-model_v6.pdb
CLEC17A,Q6ZS10,c:\Users\Longer\Documents\自写生信论文\data\structures\AF-Q6ZS10-F1-model_v6.pdb
HEPHL1,Q6MZM0,c:\Users\Longer\Documents\自写生信论文\data\structures\AF-Q6MZM0-F1-model_v6.pdb
SLC17A8,Q8NDX2,c:\Users\Longer\Documents\自写生信论文\data\structures\AF-Q8NDX2-F1-model_v6.pdb
NMUR2,Q9GZQ4,c:\Users\Longer\Documents\自写生信论文\data\structures\AF-Q9GZQ4-F1-model_v6.pdb
KIR2DL4,Q99706,c:\Users\Longer\Documents\自写生信论文\data\structures\AF-Q99706-F1-model_v6.pdb
LRRC4,Q9HBW1,c:\Users\Longer\Documents\自写生信论文\data\structures\AF-Q9HBW1-F1-model_v6.pdb
CHRNA6,Q15825,c:\Users\Longer\Documents\自写生信论文\data\structures\AF-Q15825-F1-model_v6.pdb
IGDCC3,Q8IVU1,c:\Users\Longer\Documents\自写生信论文\data\structures\AF-Q8IVU1-F1-model_v6.pdb
PCDHGB1,Q9Y5G3,c:\Users\Longer\Documents\自写生信论文\data\structures\AF-Q9Y5G3-F1-model_v6.pdb
KCNA3,P22001,c:\Users\Longer\Documents\自写生信论文\data\structures\AF-P22001-F1-model_v6.pdb
GRPR,P30550,c:\Users\Longer\Documents\自写生信论文\data\structures\AF-P30550-F1-model_v6.pdb
SLC22A2,O15244,c:\Users\Longer\Documents\自写生信论文\data\structures\AF-O15244-F1-model_v6.pdb
TM4SF4,P48230,c:\Users\Longer\Documents\自写生信论文\data\structures\AF-P48230-F1-model_v6.pdb
CDH6,P55285,c:\Users\Longer\Documents\自写生信论文\data\structures\AF-P55285-F1-model_v6.pdb
CLCA2,Q9UQC9,c:\Users\Longer\Documents\自写生信论文\data\structures\AF-Q9UQC9-F1-model_v6.pdb
TRPV6,Q9H1D0,c:\Users\Longer\Documents\自写生信论文\data\structures\AF-Q9H1D0-F1-model_v6.pdb
GPR82,Q96P67,c:\Users\Longer\Documents\自写生信论文\data\structures\AF-Q96P67-F1-model_v6.pdb
RXFP1,Q9HBX9,c:\Users\Longer\Documents\自写生信论文\data\structures\AF-Q9HBX9-F1-model_v6.pdb
HEPACAM2,A8MVW5,c:\Users\Longer\Documents\自写生信论文\data\structures\AF-A8MVW5-F1-model_v6.pdb
CYSLTR2,Q9NS75,c:\Users\Longer\Documents\自写生信论文\data\structures\AF-Q9NS75-F1-model_v6.pdb
SSTR3,P32745,c:\Users\Longer\Documents\自写生信论文\data\structures\AF-P32745-F1-model_v6.pdb
MCHR1,Q99705,c:\Users\Longer\Documents\自写生信论文\data\structures\AF-Q99705-F1-model_v6.pdb
IL31RA,Q8NI17,c:\Users\Longer\Documents\自写生信论文\data\structures\AF-Q8NI17-F1-model_v6.pdb
OR51B5,Q9H339,c:\Users\Longer\Documents\自写生信论文\data\structures\AF-Q9H339-F1-model_v6.pdb
GLRB,P48167,c:\Users\Longer\Documents\自写生信论文\data\structures\AF-P48167-F1-model_v6.pdb
LILRA1,O75019,c:\Users\Longer\Documents\自写生信论文\data\structures\AF-O75019-F1-model_v6.pdb
ZPLD1,Q8TCW7,c:\Users\Longer\Documents\自写生信论文\data\structures\AF-Q8TCW7-F1-model_v6.pdb
SLC28A1,O00337,c:\Users\Longer\Documents\自写生信论文\data\structures\AF-O00337-F1-model_v6.pdb
P2RX3,P56373,c:\Users\Longer\Documents\自写生信论文\data\structures\AF-P56373-F1-model_v6.pdb
NPHS1,O60500,c:\Users\Longer\Documents\自写生信论文\data\structures\AF-O60500-F1-model_v6.pdb
CD69,Q07108,c:\Users\Longer\Documents\自写生信论文\data\structures\AF-Q07108-F1-model_v6.pdb
IL12RB2,Q99665,c:\Users\Longer\Documents\自写生信论文\data\structures\AF-Q99665-F1-model_v6.pdb
CDH8,P55286,c:\Users\Longer\Documents\自写生信论文\data\structures\AF-P55286-F1-model_v6.pdb
UMODL1,Q5DID0,c:\Users\Longer\Documents\自写生信论文\data\structures\AF-Q5DID0-F1-model_v6.pdb
SLC20A2,Q08357,c:\Users\Longer\Documents\自写生信论文\data\structures\AF-Q08357-F1-model_v6.pdb
FCRL6,Q6DN72,c:\Users\Longer\Documents\自写生信论文\data\structures\AF-Q6DN72-F1-model_v6.pdb
OR7C1,O76099,c:\Users\Longer\Documents\自写生信论文\data\structures\AF-O76099-F1-model_v6.pdb
LHFPL1,Q86WI0,c:\Users\Longer\Documents\自写生信论文\data\structures\AF-Q86WI0-F1-model_v6.pdb
LHFPL5,Q8TAF8,c:\Users\Longer\Documents\自写生信论文\data\structures\AF-Q8TAF8-F1-model_v6.pdb
PCDHB13,Q9Y5F0,c:\Users\Longer\Documents\自写生信论文\data\structures\AF-Q9Y5F0-F1-model_v6.pdb
CD200R1,Q8TD46,c:\Users\Longer\Documents\自写生信论文\data\structures\AF-Q8TD46-F1-model_v6.pdb
CNTN5,O94779,c:\Users\Longer\Documents\自写生信论文\data\structures\AF-O94779-F1-model_v6.pdb
GRIN1,Q05586,c:\Users\Longer\Documents\自写生信论文\data\structures\AF-Q05586-F1-model_v6.pdb
MC4R,P32245,c:\Users\Longer\Documents\自写生信论文\data\structures\AF-P32245-F1-model_v6.pdb
OTOA,Q7RTW8,c:\Users\Longer\Documents\自写生信论文\data\structures\AF-Q7RTW8-F1-model_v6.pdb
SLC22A4,Q9H015,c:\Users\Longer\Documents\自写生信论文\data\structures\AF-Q9H015-F1-model_v6.pdb
ERVV-1,B6SEH8,c:\Users\Longer\Documents\自写生信论文\data\structures\AF-B6SEH8-F1-model_v6.pdb
ENPP1,P22413,c:\Users\Longer\Documents\自写生信论文\data\structures\AF-P22413-F1-model_v6.pdb
ABCA4,P78363,c:\Users\Longer\Documents\自写生信论文\data\structures\AF-P78363-F1-model_v6.pdb
TMEM245,Q9H330,c:\Users\Longer\Documents\自写生信论文\data\structures\AF-Q9H330-F1-model_v6.pdb
CLEC9A,Q6UXN8,c:\Users\Longer\Documents\自写生信论文\data\structures\AF-Q6UXN8-F1-model_v6.pdb
CD200,P41217,c:\Users\Longer\Documents\自写生信论文\data\structures\AF-P41217-F1-model_v6.pdb
KLRK1,P26718,c:\Users\Longer\Documents\自写生信论文\data\structures\AF-P26718-F1-model_v6.pdb
AREG,P15514,c:\Users\Longer\Documents\自写生信论文\data\structures\AF-P15514-F1-model_v6.pdb
LRFN2,Q9ULH4,c:\Users\Longer\Documents\自写生信论文\data\structures\AF-Q9ULH4-F1-model_v6.pdb
LINGO4,Q6UY18,c:\Users\Longer\Documents\自写生信论文\data\structures\AF-Q6UY18-F1-model_v6.pdb
EPHA8,P29322,c:\Users\Longer\Documents\自写生信论文\data\structures\AF-P29322-F1-model_v6.pdb
NPFFR2,Q9Y5X5,c:\Users\Longer\Documents\自写生信论文\data\structures\AF-Q9Y5X5-F1-model_v6.pdb
SLC38A4,Q969I6,c:\Users\Longer\Documents\自写生信论文\data\structures\AF-Q969I6-F1-model_v6.pdb
CHRM3,P20309,c:\Users\Longer\Documents\自写生信论文\data\structures\AF-P20309-F1-model_v6.pdb
ITGAM,P11215,c:\Users\Longer\Documents\自写生信论文\data\structures\AF-P11215-F1-model_v6.pdb
TREML2,Q5T2D2,c:\Users\Longer\Documents\自写生信论文\data\structures\AF-Q5T2D2-F1-model_v6.pdb
ATP13A1,Q9HD20,c:\Users\Longer\Documents\自写生信论文\data\structures\AF-Q9HD20-F1-model_v6.pdb
CHRNB2,P17787,c:\Users\Longer\Documents\自写生信论文\data\structures\AF-P17787-F1-model_v6.pdb
SLC36A1,Q7Z2H8,c:\Users\Longer\Documents\自写生信论文\data\structures\AF-Q7Z2H8-F1-model_v6.pdb
CALCR,P30988,c:\Users\Longer\Documents\自写生信论文\data\structures\AF-P30988-F1-model_v6.pdb
ABCB4,P21439,c:\Users\Longer\Documents\自写生信论文\data\structures\AF-P21439-F1-model_v6.pdb
KIR3DL2,P43630,c:\Users\Longer\Documents\自写生信论文\data\structures\AF-P43630-F1-model_v6.pdb
FCRL4,Q96PJ5,c:\Users\Longer\Documents\自写生信论文\data\structures\AF-Q96PJ5-F1-model_v6.pdb
IL1RAPL2,Q9NP60,c:\Users\Longer\Documents\自写生信论文\data\structures\AF-Q9NP60-F1-model_v6.pdb
RXFP4,Q8TDU9,c:\Users\Longer\Documents\自写生信论文\data\structures\AF-Q8TDU9-F1-model_v6.pdb
GPR37L1,O60883,c:\Users\Longer\Documents\自写生信论文\data\structures\AF-O60883-F1-model_v6.pdb
SLCO2B1,O94956,c:\Users\Longer\Documents\自写生信论文\data\structures\AF-O94956-F1-model_v6.pdb
SLC12A3,P55017,c:\Users\Longer\Documents\自写生信论文\data\structures\AF-P55017-F1-model_v6.pdb
ABCG5,Q9H222,c:\Users\Longer\Documents\自写生信论文\data\structures\AF-Q9H222-F1-model_v6.pdb
TSHR,P16473,c:\Users\Longer\Documents\自写生信论文\data\structures\AF-P16473-F1-model_v6.pdb
MLNR,O43193,c:\Users\Longer\Documents\自写生信论文\data\structures\AF-O43193-F1-model_v6.pdb
CNR2,P34972,c:\Users\Longer\Documents\自写生信论文\data\structures\AF-P34972-F1-model_v6.pdb
MFSD2B,A6NFX1,c:\Users\Longer\Documents\自写生信论文\data\structures\AF-A6NFX1-F1-model_v6.pdb
INSR,P06213,c:\Users\Longer\Documents\自写生信论文\data\structures\AF-P06213-F1-model_v6.pdb
VSTM1,Q6UX27,c:\Users\Longer\Documents\自写生信论文\data\structures\AF-Q6UX27-F1-model_v6.pdb
ITGAD,Q13349,c:\Users\Longer\Documents\自写生信论文\data\structures\AF-Q13349-F1-model_v6.pdb
GPR78,Q96P69,c:\Users\Longer\Documents\自写生信论文\data\structures\AF-Q96P69-F1-model_v6.pdb
ADCY7,P51828,c:\Users\Longer\Documents\自写生信论文\data\structures\AF-P51828-F1-model_v6.pdb
DRD5,P21918,c:\Users\Longer\Documents\自写生信论文\data\structures\AF-P21918-F1-model_v6.pdb
FCRL1,Q96LA6,c:\Users\Longer\Documents\自写生信论文\data\structures\AF-Q96LA6-F1-model_v6.pdb
CRLF2,Q9HC73,c:\Users\Longer\Documents\自写生信论文\data\structures\AF-Q9HC73-F1-model_v6.pdb
PCDHA13,Q9Y5I0,c:\Users\Longer\Documents\自写生信论文\data\structures\AF-Q9Y5I0-F1-model_v6.pdb
NPFFR1,Q9GZQ6,c:\Users\Longer\Documents\自写生信论文\data\structures\AF-Q9GZQ6-F1-model_v6.pdb
VSTM5,A8MXK1,c:\Users\Longer\Documents\自写生信论文\data\structures\AF-A8MXK1-F1-model_v6.pdb
PCDHGA1,Q9Y5H4,c:\Users\Longer\Documents\自写生信论文\data\structures\AF-Q9Y5H4-F1-model_v6.pdb
GPR55,Q9Y2T6,c:\Users\Longer\Documents\自写生信论文\data\structures\AF-Q9Y2T6-F1-model_v6.pdb
KIR2DL3,P43628,c:\Users\Longer\Documents\自写生信论文\data\structures\AF-P43628-F1-model_v6.pdb
CHRNA3,P32297,c:\Users\Longer\Documents\自写生信论文\data\structures\AF-P32297-F1-model_v6.pdb
CCR3,P51677,c:\Users\Longer\Documents\自写生信论文\data\structures\AF-P51677-F1-model_v6.pdb
SLC22A16,Q86VW1,c:\Users\Longer\Documents\自写生信论文\data\structures\AF-Q86VW1-F1-model_v6.pdb
TAS1R3,Q7RTX0,c:\Users\Longer\Documents\自写生信论文\data\structures\AF-Q7RTX0-F1-model_v6.pdb
IL23R,Q5VWK5,c:\Users\Longer\Documents\自写生信论文\data\structures\AF-Q5VWK5-F1-model_v6.pdb
NCR1,O76036,c:\Users\Longer\Documents\自写生信论文\data\structures\AF-O76036-F1-model_v6.pdb
FPR2,P25090,c:\Users\Longer\Documents\自写生信论文\data\structures\AF-P25090-F1-model_v6.pdb
OPRD1,P41143,c:\Users\Longer\Documents\自写生信论文\data\structures\AF-P41143-F1-model_v6.pdb
PCDHA5,Q9Y5H7,c:\Users\Longer\Documents\自写生信论文\data\structures\AF-Q9Y5H7-F1-model_v6.pdb
GALR2,O43603,c:\Users\Longer\Documents\自写生信论文\data\structures\AF-O43603-F1-model_v6.pdb
RELL1,Q8IUW5,c:\Users\Longer\Documents\自写生信论文\data\structures\AF-Q8IUW5-F1-model_v6.pdb
SLC10A5,Q5PT55,c:\Users\Longer\Documents\自写生信论文\data\structures\AF-Q5PT55-F1-model_v6.pdb
SLC45A2,Q9UMX9,c:\Users\Longer\Documents\自写生信论文\data\structures\AF-Q9UMX9-F1-model_v6.pdb
