,04,05,06,09,13,22,23,24,25,29,2G,2Y,2Z,33,43,44,49,50,55,56,60,61,63,66,77,78,85,86,97,A2,A3,A4,A6,A7,A8,AA,AC,AJ,AK,AN,AO,AR,AX,B0,B6,B8,BA,BB,BC,BF,BH,BJ,BP,BQ,BR,BT,C5,C8,CC,CD,CF,CG,CH,CJ,CM,CN,CQ,CR,CV,CZ,D5,D6,D7,D8,DB,DD,DJ,DK,DM,DU,DX,E1,E2,E7,E9,EA,EB,EJ,EK,EL,EM,ET,EW,FD,FG,FY,G3,G4,G9,GM,HC,HT,HU,HZ,IB,J4,KK,KL,L5,LN,OL,OR,P5,QH,QR,RW,S9,V1,V4,VD,VQ,VS,WB,XF,XU,YL,ZB,ZF,ZG
MUC1,8.8,9.33,3.93,8.27,8.98,6.41,8.64,8.86,8.67,8.43,1.98,-0.07,7.39,7.04,6.2,8.69,10.15,9.54,9.83,6.78,7.07,8.76,6.31,6.65,6.02,10.35,6.19,10.2,10.56,8.36,5.49,5.9,5.4,8.35,8.86,6.49,9.23,8.97,5.94,8.15,8.56,8.43,8.84,6.14,9.05,5.42,5.68,5.64,0.96,2.08,8.92,5.52,5.89,3.88,7.81,6.8,7.61,7.9,0.65,7.97,5.91,8.48,3.96,5.74,6.18,5.38,4.73,5.05,5.21,5.57,6.57,5.67,8.93,8.5,2.68,-0.31,6.54,7.33,6.77,2.51,3.77,2.97,8.88,7.65,8.43,8.03,2.16,3.91,7.55,7.05,4.76,6.72,8.03,7.63,2.71,5.95,0.07,6.83,4.26,8.88,4.14,2.64,8.53,9.37,9.11,4.96,4.26,7.19,8.42,5.09,9.2,-0.36,2.48,2.72,-0.6,-0.83,2.63,3.8,0.91,0.24,9.35,8.15,-0.65,7.58,2.2,4.04,2.89,7.78,3.6
CD24,8.88,7.67,4.75,8.47,8.68,7.64,8.6,9.07,8.96,9.6,7.6,4.94,10.55,7.59,7.51,7.31,7.2,7.38,7.82,7.68,7.61,8.75,7.26,7.62,7.49,6.86,7.56,7.81,7.66,9.26,10.27,10.95,9.38,8.99,9.37,9.52,9.0,9.81,9.92,9.38,9.02,9.62,8.6,9.93,9.54,10.44,8.41,8.35,6.73,1.23,9.34,10.09,10.2,10.25,8.97,8.42,8.33,9.44,6.98,8.71,7.64,8.93,8.07,10.02,9.48,7.64,8.28,8.47,8.22,10.37,9.65,7.93,9.4,9.66,6.4,5.56,9.91,8.39,9.44,6.21,2.74,6.3,9.27,7.76,9.24,8.19,2.11,7.5,7.96,9.73,10.15,9.92,9.58,8.04,6.29,10.25,4.3,9.26,7.6,8.9,7.83,6.12,9.15,8.83,8.43,7.55,7.77,8.93,9.52,7.76,9.77,-1.88,5.91,6.22,7.61,8.5,6.34,7.12,-2.94,-3.46,9.55,8.61,8.94,7.88,1.26,7.53,1.84,8.23,7.71
ILDR1,2.58,2.93,-3.93,2.48,2.55,2.34,2.59,3.06,3.14,2.56,-0.98,-2.31,3.3,2.51,2.16,2.52,2.74,3.0,2.9,2.66,2.32,2.99,2.19,2.57,2.47,2.89,2.63,2.99,3.31,2.58,1.49,3.39,2.5,2.55,3.22,2.99,2.47,2.7,1.07,2.57,2.47,2.77,2.12,1.24,2.79,1.99,1.49,1.89,-0.81,-4.61,2.85,3.57,1.26,2.49,1.87,1.83,2.18,2.66,-1.88,2.31,1.76,2.28,3.93,1.55,2.98,1.54,0.56,1.54,1.09,1.52,2.77,0.86,2.71,3.07,-4.81,-3.11,3.6,2.08,2.62,-4.29,-4.61,-4.29,2.87,2.7,2.66,2.78,-4.04,3.78,1.75,3.19,3.33,3.63,2.91,1.63,-4.61,3.31,-3.72,2.87,3.31,2.08,3.58,-4.29,2.21,2.76,2.58,3.24,3.2,4.39,2.63,2.03,2.61,-4.61,-5.01,-5.01,-9.97,-9.97,-4.29,3.26,-6.04,-9.97,2.41,2.86,-6.04,1.82,-0.69,3.52,1.3,2.44,3.27
SEZ6L2,4.49,4.81,4.67,4.79,4.82,4.05,4.66,4.8,4.82,4.39,4.09,0.99,5.65,2.59,3.86,4.36,5.14,4.96,5.05,4.61,3.63,4.84,3.85,3.51,3.97,4.66,3.92,5.47,5.16,4.37,4.91,5.96,3.8,4.4,4.29,3.81,4.86,5.02,4.05,4.15,4.55,4.38,4.09,4.65,4.81,4.45,2.91,3.33,1.31,3.37,4.48,2.48,4.43,5.76,4.39,3.9,3.63,4.49,2.16,4.49,3.22,4.19,5.89,4.75,4.38,2.37,2.22,3.0,2.56,4.9,4.39,2.06,5.17,4.79,5.78,1.68,3.53,3.64,3.73,5.33,2.14,4.88,4.61,3.66,4.4,3.83,3.61,5.9,3.58,3.46,2.08,3.55,4.39,3.34,5.53,3.19,-1.19,4.29,5.84,4.53,5.89,5.38,4.22,4.94,4.86,5.82,5.71,-0.69,4.95,3.84,4.97,5.19,5.26,6.07,7.92,8.03,5.64,5.61,4.88,4.69,5.33,3.76,8.43,3.98,-0.51,5.44,0.57,4.16,4.91
CDH1,5.43,6.61,0.16,5.3,5.0,6.67,5.5,5.65,6.08,5.49,5.62,5.52,3.7,6.64,6.97,6.65,6.82,6.7,6.92,7.09,6.62,5.93,6.56,6.17,6.94,6.95,6.83,6.78,6.85,6.83,4.77,3.93,7.17,6.04,7.23,7.24,5.47,6.78,4.51,7.24,6.99,6.54,5.75,4.12,6.87,4.66,6.64,6.6,5.58,6.52,7.07,7.46,4.44,4.51,6.5,6.73,6.66,7.43,4.64,5.99,6.7,7.1,7.8,4.51,7.33,6.75,6.63,6.94,6.81,4.92,7.61,6.9,7.09,7.26,0.5,4.96,7.59,6.94,7.23,0.87,-2.32,0.48,7.07,7.07,6.93,6.75,5.63,7.52,6.44,7.67,7.37,7.55,7.03,6.92,0.09,7.66,5.1,7.39,7.28,6.06,7.23,0.37,6.93,6.8,6.75,7.23,6.76,6.61,7.67,6.81,6.48,-5.57,-0.6,-0.2,-5.29,-4.81,-0.2,7.01,6.34,6.65,7.27,6.83,-5.76,6.35,5.67,6.98,6.19,6.79,6.64
ITGB4,5.99,6.1,5.05,6.13,6.41,7.38,6.48,6.77,6.37,5.87,3.54,2.13,5.87,7.11,6.98,5.76,6.3,6.61,6.4,7.97,7.23,6.46,7.57,7.06,8.08,6.28,7.8,5.87,6.16,5.62,4.23,5.49,7.03,5.69,5.1,6.78,5.78,5.51,3.85,5.96,5.56,5.53,6.1,4.42,5.63,4.51,8.18,8.14,2.36,3.35,5.52,4.64,4.32,4.71,7.09,8.25,7.92,5.53,2.92,7.27,8.77,7.1,4.14,4.44,7.24,8.26,8.67,8.15,8.49,4.32,7.17,8.73,7.43,5.52,4.7,2.16,5.19,8.0,7.27,4.37,2.42,6.03,5.81,8.46,5.34,7.83,4.29,4.55,8.3,5.59,4.37,5.48,5.79,8.28,4.88,4.28,1.98,7.36,4.51,5.66,4.44,4.7,7.23,7.44,7.22,5.1,4.24,2.31,8.04,8.42,5.7,0.79,5.12,4.62,2.44,2.32,4.59,4.55,2.74,2.68,7.91,7.77,2.2,8.06,4.55,4.06,5.31,8.12,4.15
TGFA,0.32,3.33,1.46,0.91,0.3,3.52,0.9,1.4,1.68,0.41,-0.24,-1.44,3.62,3.48,3.17,3.14,2.83,2.91,3.28,3.94,3.52,1.98,3.29,3.97,3.9,2.73,3.82,2.51,2.66,1.02,5.67,3.84,2.74,0.86,0.44,2.51,0.66,2.48,4.78,0.46,0.35,1.5,1.37,5.11,0.93,5.48,4.68,4.01,0.24,-0.89,1.09,4.21,5.49,3.51,2.61,3.16,3.67,1.34,-1.04,2.18,2.13,3.46,0.96,5.21,2.7,4.6,4.7,4.61,4.36,5.91,2.89,4.29,3.07,0.77,2.01,-1.94,4.79,3.52,2.4,2.35,-0.09,1.73,0.64,2.55,0.47,3.39,-0.45,1.23,3.22,4.49,4.09,4.95,1.35,3.44,2.15,4.65,-1.97,2.66,0.31,0.48,0.67,2.11,2.36,3.61,3.84,0.14,0.22,-2.44,3.9,4.48,0.95,-1.94,1.83,2.42,-2.47,-3.17,2.49,0.61,-2.25,-2.73,2.87,3.51,-2.15,3.24,0.07,0.51,0.95,2.98,0.69
LY75,2.42,2.97,0.89,2.54,2.2,2.6,2.64,3.01,2.75,2.41,1.78,-1.0,-0.1,1.07,2.76,2.84,2.25,2.56,2.68,2.39,2.93,3.01,1.85,2.36,2.0,2.61,1.91,2.46,2.54,2.32,1.99,0.96,4.29,2.35,2.26,4.29,1.61,3.17,1.75,1.81,2.22,2.99,2.21,1.83,1.9,2.71,2.07,2.78,-1.0,-1.47,2.4,3.78,1.88,0.0,3.67,2.66,2.88,1.38,-1.69,3.64,2.38,3.54,0.49,2.19,4.09,2.75,2.07,3.15,1.89,2.34,4.63,1.41,4.04,2.52,-0.42,-1.76,4.31,2.41,3.79,0.15,0.16,-0.03,2.4,2.77,2.07,3.0,-1.12,0.23,2.76,3.76,3.41,4.1,2.44,2.57,-0.13,4.24,-1.99,4.25,-1.03,1.74,-0.01,0.29,4.11,3.98,3.9,-0.81,-0.55,-1.84,4.4,2.37,1.73,-0.81,-0.26,-0.51,-0.38,-0.17,0.2,-0.04,-3.31,-3.31,4.29,3.17,0.47,2.41,3.13,-0.39,3.92,2.88,0.23
TMEM132A,5.16,4.49,6.41,5.18,4.9,5.28,5.07,4.82,5.13,5.01,4.93,0.68,4.42,5.5,5.81,4.33,4.13,4.43,4.63,5.79,5.65,4.94,5.6,5.53,5.72,3.78,6.08,4.63,4.14,5.23,3.32,4.39,3.94,5.01,5.07,3.83,5.41,6.45,2.86,5.4,5.21,5.36,6.49,3.96,5.54,3.87,5.56,4.88,1.29,4.36,5.15,2.25,3.56,3.57,3.94,5.53,5.22,5.76,2.32,3.95,4.16,3.68,4.48,3.96,4.04,5.69,5.78,5.48,5.75,3.39,3.93,6.2,4.23,5.29,6.36,1.16,2.21,5.27,3.66,6.09,4.59,6.16,5.35,4.65,5.24,5.62,3.77,4.25,5.19,2.42,2.14,2.32,5.71,5.4,6.54,2.28,0.86,4.36,4.44,5.88,4.46,6.27,3.48,4.05,4.52,4.5,4.98,2.76,4.55,6.17,5.81,6.11,6.48,6.34,4.32,4.34,6.24,4.54,2.11,1.88,4.11,5.29,3.79,5.31,3.01,4.71,2.79,5.17,4.54
MET,1.32,4.93,0.95,1.84,1.22,4.45,1.61,1.89,2.08,1.77,1.58,4.01,6.06,4.37,3.84,5.01,4.97,4.83,4.85,4.28,4.67,1.47,4.35,4.61,4.59,4.66,4.49,4.68,4.95,2.21,5.72,6.84,4.88,1.97,0.74,4.7,1.51,3.12,5.27,1.22,1.7,2.36,2.51,5.54,1.46,5.88,4.17,3.74,4.52,2.5,1.98,5.09,5.54,6.11,4.36,3.64,3.92,2.05,4.01,3.85,2.75,4.71,1.81,5.68,5.08,4.52,4.25,4.39,4.34,6.13,5.1,4.6,4.79,2.03,-1.78,4.1,6.54,3.74,4.61,-0.73,1.23,-0.58,1.69,3.27,1.34,3.75,2.68,2.2,3.94,6.37,5.14,6.55,1.7,3.94,-1.35,6.37,3.84,4.9,0.98,1.29,1.47,-0.43,3.94,4.53,5.15,1.26,0.61,5.76,5.27,4.69,1.59,-0.17,-1.53,-1.99,-0.83,-1.27,-1.09,1.65,5.45,5.76,5.0,3.97,-0.31,3.66,2.54,1.1,3.81,3.69,1.48
PODXL2,4.19,4.77,5.21,4.3,4.25,4.09,4.7,4.18,4.0,4.43,4.01,-0.32,3.59,3.79,4.54,4.17,4.44,4.24,4.15,4.45,3.74,4.47,3.91,4.0,3.84,4.8,3.72,5.11,4.35,4.24,0.78,3.06,4.43,4.48,4.56,4.74,4.37,5.57,1.09,4.57,4.25,4.43,5.04,1.35,4.92,0.36,2.88,3.41,-0.69,4.37,4.27,2.6,0.78,3.22,3.98,3.84,5.0,4.94,2.04,4.61,3.56,4.22,6.0,1.17,4.48,2.41,0.14,2.96,2.13,1.63,4.83,2.04,4.17,4.3,6.25,-1.76,2.84,4.92,4.96,6.37,2.1,6.18,4.46,4.41,4.23,5.07,4.43,6.06,4.83,2.73,2.53,2.91,4.67,3.63,6.32,2.77,-2.05,4.82,5.96,3.84,6.16,6.22,4.93,3.24,3.25,6.07,6.22,2.63,4.4,3.52,5.13,3.01,6.24,6.54,5.97,6.27,6.54,6.06,5.72,5.5,4.82,5.37,6.35,4.04,1.98,6.09,2.85,4.72,5.69
RNF128,-3.24,3.22,-1.2,-2.88,-2.73,1.8,-2.55,-2.55,-2.73,-2.47,-1.2,5.02,4.26,1.09,1.8,2.37,2.11,2.87,2.58,2.67,1.63,-2.18,2.4,1.31,2.02,3.41,2.14,2.8,3.36,0.39,5.0,4.69,4.79,0.61,0.08,4.82,0.0,-3.31,4.28,0.3,0.09,0.53,-2.74,4.52,0.12,4.95,1.53,1.84,5.41,-1.18,0.62,5.31,4.58,4.98,4.22,2.94,0.23,0.1,5.17,4.1,5.23,4.75,1.16,4.75,5.17,1.66,2.33,1.65,2.09,5.41,5.29,0.57,4.85,0.55,-1.34,4.81,5.52,5.11,5.25,-1.18,-3.05,-1.83,0.46,5.2,0.43,0.5,-0.97,0.79,-0.43,5.32,5.36,5.59,0.84,3.64,-2.11,5.57,4.8,4.97,0.16,0.32,0.15,-0.97,4.79,5.0,4.57,-0.04,-0.15,-3.24,4.66,2.82,0.79,4.11,-2.18,-1.99,3.23,3.45,-1.68,0.36,-3.82,-4.29,5.02,-0.01,4.35,3.7,2.11,-0.66,-0.72,4.72,0.65
HLA-DMB,5.06,7.26,6.8,5.97,5.36,6.04,5.63,5.84,6.1,6.19,5.34,4.52,5.62,4.31,5.78,6.61,6.38,6.7,6.82,5.25,6.21,6.44,5.21,6.41,4.98,6.17,5.14,6.72,7.63,5.82,6.86,5.87,4.74,5.03,5.85,5.01,5.79,6.51,6.04,5.05,5.26,6.02,5.45,6.45,4.79,6.8,4.67,4.26,4.43,3.91,5.72,7.36,6.26,5.65,5.74,4.55,5.62,5.76,3.64,5.11,1.99,6.26,6.15,6.86,4.94,5.29,5.04,5.73,4.61,6.95,5.0,4.63,5.55,6.02,4.57,3.78,7.21,4.91,2.75,5.37,5.76,4.77,5.25,4.26,5.43,5.56,4.55,5.14,4.5,7.2,7.0,7.35,5.78,5.66,4.76,7.46,3.63,4.28,5.03,5.28,5.45,4.85,5.48,6.31,6.46,5.83,5.3,4.54,5.12,4.23,5.56,3.98,4.31,3.89,3.05,2.69,5.07,4.64,2.77,2.38,5.04,5.93,3.88,5.09,5.88,5.14,6.74,4.76,5.11
CD48,2.26,4.81,3.14,3.49,2.66,4.36,2.42,3.14,2.97,3.47,4.32,2.9,3.02,3.17,3.97,4.43,4.5,4.44,4.37,3.62,4.64,3.43,3.37,4.78,3.35,3.24,3.87,4.22,4.46,4.24,4.64,3.11,2.9,3.0,3.86,3.34,3.68,3.39,4.67,3.01,3.93,4.26,2.65,4.48,2.99,4.66,2.92,2.49,2.21,1.97,4.04,2.34,4.5,3.22,4.19,2.77,3.3,3.7,1.88,3.53,0.28,4.34,2.79,5.17,2.75,3.2,2.87,4.12,2.69,4.69,3.27,2.7,3.98,4.1,0.21,2.06,2.48,2.46,0.59,0.7,2.97,-0.41,3.39,2.21,3.49,3.17,2.33,2.83,1.87,2.47,1.9,2.47,4.07,3.45,0.31,2.18,1.86,2.21,2.39,4.05,2.75,0.13,2.87,4.34,4.09,2.75,2.5,0.48,2.87,2.41,4.1,0.02,-0.48,-0.78,0.57,0.21,0.24,2.97,0.77,0.85,3.18,2.96,1.68,2.69,5.87,2.28,5.88,1.91,3.2
CLDN4,8.19,8.45,-0.97,7.9,7.94,7.2,8.15,8.19,8.25,7.76,4.28,3.41,8.46,6.94,6.87,7.45,8.34,8.0,8.2,7.36,6.88,8.13,7.13,6.93,6.78,8.11,6.9,8.22,8.23,7.43,5.75,8.42,8.91,7.03,7.32,9.01,7.25,7.9,5.35,7.23,7.24,7.48,7.18,5.59,7.6,5.63,6.77,6.62,2.87,-0.13,7.36,8.0,5.65,7.62,7.69,8.04,7.38,7.24,1.63,8.15,8.39,7.73,8.64,5.55,8.83,6.7,6.19,6.46,6.55,5.78,9.11,6.27,8.25,7.2,-1.99,0.33,8.45,8.56,8.78,-1.51,0.06,-1.83,7.29,8.51,6.95,7.48,0.04,7.94,7.24,8.61,7.82,8.61,7.81,8.53,-1.99,8.32,0.23,9.25,7.47,7.15,7.76,-1.94,7.61,7.32,8.08,8.25,7.91,6.93,8.39,6.22,8.39,-0.36,-2.61,-1.78,-1.91,-2.32,-1.83,7.78,-3.11,-3.82,8.34,7.47,-1.76,8.22,0.28,7.92,2.4,8.68,8.46
SLC39A4,7.59,6.58,3.64,7.11,7.73,5.83,7.71,7.32,7.07,7.11,5.28,3.11,6.06,5.64,5.8,5.68,6.86,6.18,6.3,6.01,5.82,7.27,5.93,5.93,5.94,6.87,6.04,6.12,6.48,5.44,4.03,5.44,6.6,5.39,5.51,7.22,5.19,6.63,4.5,5.93,5.15,5.22,6.89,4.41,5.84,4.0,6.1,6.35,3.74,5.74,5.33,5.34,4.37,5.21,6.74,6.13,5.88,5.71,4.5,7.08,6.67,6.98,4.84,4.36,6.95,5.6,5.73,5.6,6.14,4.45,7.01,6.19,6.95,5.27,2.03,3.62,5.43,6.3,7.48,2.46,3.79,2.33,5.75,6.52,5.32,5.73,5.72,4.75,6.33,5.34,5.19,5.29,5.68,6.4,2.45,5.03,3.85,7.19,5.2,5.6,4.85,2.27,6.57,5.77,5.8,5.04,5.39,4.5,6.33,6.44,5.86,4.48,2.17,2.27,3.75,3.7,1.94,4.83,6.32,6.44,6.79,5.91,3.69,6.41,5.16,5.01,4.81,6.7,5.15
ZP3,3.57,3.39,2.05,3.78,3.74,3.59,3.8,3.69,3.28,3.68,3.37,1.5,4.14,3.84,3.73,2.53,4.06,3.42,3.3,3.72,3.93,3.81,3.63,3.87,3.95,3.13,3.98,3.32,3.26,3.51,2.94,2.85,3.77,3.38,3.16,4.14,3.28,3.65,3.22,3.07,3.8,3.61,4.51,3.43,3.95,2.32,4.03,3.91,1.96,3.56,3.7,3.05,2.94,3.68,1.7,3.89,3.96,3.2,1.52,1.49,2.21,2.43,3.55,3.13,4.03,3.64,3.5,3.48,3.73,3.11,3.88,4.42,1.82,3.34,3.45,1.15,2.7,3.64,4.5,2.87,3.32,3.03,3.77,2.76,3.37,3.71,3.0,3.63,3.9,2.48,2.28,2.83,3.49,3.92,1.9,1.66,1.1,4.03,3.95,4.02,3.62,2.61,1.38,2.71,2.6,3.84,4.02,1.79,2.6,3.11,4.12,3.5,1.4,2.94,2.74,3.25,2.87,3.51,3.38,3.32,1.63,3.68,2.01,3.75,3.29,3.85,3.23,3.84,4.19
EPHB2,2.73,2.79,3.21,3.35,3.07,2.13,3.72,3.83,4.0,3.75,2.48,-1.78,-0.22,2.48,2.75,2.36,2.49,2.76,2.95,2.8,2.75,3.73,2.49,2.46,2.44,1.71,2.93,2.88,2.47,1.33,0.57,0.33,5.6,1.45,1.6,5.95,1.9,2.15,-1.61,0.99,0.97,1.87,0.69,-0.38,0.95,0.44,2.65,2.13,-0.81,-0.43,1.42,2.7,-0.18,0.68,4.13,2.79,2.57,1.05,-0.8,3.54,1.57,4.06,0.62,0.28,5.8,2.83,3.05,3.21,2.68,0.31,6.15,2.66,4.91,1.8,2.07,-1.53,2.61,2.52,5.41,2.65,3.27,2.35,1.02,1.36,1.13,2.27,-0.45,0.63,2.31,2.49,2.41,2.65,1.51,3.06,2.33,2.73,-1.04,5.84,-0.13,0.64,0.38,2.52,4.3,3.19,3.22,-0.03,0.25,-0.71,3.95,3.07,0.8,0.66,1.67,1.96,-0.98,-0.77,2.01,0.44,-1.56,-1.83,4.44,3.13,-0.13,2.66,-0.38,0.77,0.58,2.6,0.3
CADM1,4.09,4.19,5.69,4.37,4.16,3.72,4.31,4.66,5.14,4.17,3.03,5.67,3.11,2.18,3.56,5.1,4.14,4.54,5.02,3.69,4.07,4.64,3.34,3.57,3.29,4.78,3.34,4.89,4.65,3.84,3.59,3.39,1.44,3.68,3.93,0.77,3.47,4.82,2.85,4.19,4.08,4.29,4.03,3.35,3.74,3.97,2.23,2.16,5.12,4.48,4.01,5.8,3.48,3.43,2.93,1.9,1.56,3.5,4.86,2.58,1.63,2.77,5.14,3.61,1.67,2.4,1.97,3.1,2.06,3.92,1.61,1.38,2.56,4.44,5.59,5.41,6.31,2.17,-0.55,5.76,2.33,5.71,3.77,2.59,4.29,1.57,3.89,5.22,-0.62,6.01,5.79,6.4,3.93,1.89,5.29,6.53,5.3,0.92,4.66,3.11,4.93,5.64,1.36,3.7,3.56,4.83,4.51,1.51,1.99,1.91,3.45,3.51,5.32,5.3,5.48,5.59,5.3,4.87,1.88,0.97,2.32,1.66,6.17,1.74,2.75,4.82,3.59,1.47,4.87
ITGB6,1.36,5.4,-0.75,1.63,2.01,3.83,1.6,2.02,1.46,2.1,0.48,-2.43,3.54,3.86,4.13,5.18,4.58,5.12,5.2,4.51,4.66,2.4,3.07,4.39,3.46,5.39,4.19,5.16,5.61,3.43,2.18,4.11,2.97,3.7,3.52,3.06,3.43,2.78,2.01,3.38,3.01,4.12,1.07,2.2,3.61,1.87,4.98,4.42,-1.35,-2.18,4.11,3.53,1.95,3.46,2.9,4.57,4.6,4.58,-2.1,2.24,4.27,2.95,0.89,2.16,3.2,4.95,5.63,4.98,4.96,2.58,3.28,3.87,2.98,3.96,-0.21,-2.73,3.77,5.07,2.52,-0.28,-1.37,-0.62,3.93,4.28,3.43,4.85,-1.6,1.55,4.41,3.92,3.35,3.66,3.78,4.73,0.33,3.78,-2.18,2.64,0.61,3.38,1.11,-0.03,2.89,5.6,5.7,0.77,0.63,1.3,4.69,5.17,2.89,-3.82,-0.29,0.02,-3.93,-3.38,0.36,1.27,-8.24,-9.97,3.49,4.56,-3.18,5.02,-3.05,0.76,-2.56,4.74,0.87
EPCAM,7.86,8.79,-1.12,8.01,7.81,7.36,7.92,7.93,8.02,7.86,7.59,-0.02,6.94,7.84,7.55,8.29,8.57,8.46,8.69,7.04,7.44,8.1,7.21,7.32,7.22,9.22,7.61,8.86,8.65,7.63,5.28,6.68,9.72,7.33,7.74,9.77,7.28,8.78,4.93,7.81,7.78,7.97,8.42,4.81,7.99,5.0,5.58,5.63,0.31,-1.83,7.85,8.54,4.96,5.92,8.49,6.54,6.46,8.3,3.87,8.38,5.93,8.62,8.52,4.75,10.08,5.6,4.51,4.84,4.97,5.16,9.99,4.42,8.7,8.01,-0.16,-0.74,8.84,6.91,9.94,-0.49,-2.55,-0.17,7.9,6.33,7.73,6.38,-1.94,7.98,6.77,8.68,8.59,8.67,7.59,6.67,0.02,8.79,-1.83,9.97,7.78,7.28,8.07,0.19,8.92,8.28,8.2,7.98,7.87,7.07,8.8,7.21,7.56,2.78,-0.82,0.0,2.61,2.62,0.0,7.44,-3.17,-3.82,8.98,6.7,3.88,6.7,3.16,7.62,4.82,6.81,7.43
GPR39,1.0,3.23,-0.38,1.51,0.56,0.19,0.98,1.33,1.61,1.02,0.79,1.36,2.61,-0.63,-0.2,2.94,3.43,3.07,3.31,0.49,0.4,2.05,-0.78,0.29,-0.55,3.86,-0.14,3.32,3.48,1.49,1.42,2.9,2.52,1.05,2.09,2.89,1.78,2.4,0.78,1.13,0.86,1.8,2.32,1.56,1.5,1.82,1.4,1.14,1.73,-2.73,1.91,0.68,1.35,2.43,2.3,0.74,1.78,2.09,1.26,2.1,3.08,2.5,-0.74,1.58,2.96,1.49,2.18,1.62,1.4,2.07,2.93,2.27,2.75,2.18,-1.27,1.28,0.9,2.09,2.85,-1.12,-0.91,-1.47,1.75,2.17,1.64,0.96,-2.39,-0.53,0.8,0.8,0.36,0.86,1.41,1.86,-1.21,0.51,1.08,2.81,-1.06,1.7,-1.32,-1.32,2.48,2.3,2.55,-1.0,-1.21,-0.26,2.48,-0.12,1.78,-9.97,-1.36,-0.91,-3.54,-2.83,-0.78,-0.91,-5.57,-9.97,2.73,1.88,-2.73,1.36,-2.47,-1.43,-1.6,1.74,-1.51
SLC9A7,1.15,2.2,1.91,1.55,0.99,2.26,1.23,1.7,1.42,1.04,1.05,0.73,1.17,2.1,2.79,1.85,1.86,1.88,2.06,2.58,2.42,1.37,2.52,2.42,2.24,1.74,2.57,2.09,1.95,2.52,1.7,1.8,0.64,2.65,3.1,1.02,2.59,1.72,0.95,2.55,2.25,2.97,0.97,1.27,2.79,1.79,1.76,2.33,0.93,-0.45,2.81,2.54,1.36,1.83,2.19,1.79,2.12,2.46,0.86,1.72,0.14,1.76,3.68,1.28,0.72,2.09,1.96,2.44,2.08,1.69,1.5,1.95,2.13,3.16,2.75,0.47,2.72,1.56,0.29,2.81,0.52,2.33,2.89,0.66,2.61,2.42,-0.62,3.6,1.98,2.54,2.34,2.75,2.62,1.78,2.65,2.6,0.61,0.87,2.91,2.12,3.43,3.01,1.81,2.22,2.26,3.02,3.0,2.2,2.88,2.39,1.87,1.02,2.57,2.22,3.08,3.31,2.92,3.02,-3.54,-3.82,2.21,2.33,3.61,1.89,0.14,3.26,0.9,1.6,2.91
SIRPG,-1.3,1.27,-1.62,-0.2,0.08,1.18,-0.28,-0.22,-0.77,-0.14,1.74,0.27,-0.43,0.33,1.22,1.53,1.63,1.47,1.67,0.69,1.8,-0.28,0.83,1.06,0.61,0.65,1.31,1.16,1.04,0.76,1.19,-0.6,-0.13,-0.98,0.23,0.22,0.22,0.95,0.52,-0.49,0.44,0.8,-0.26,1.47,-0.64,1.45,0.62,0.15,-0.73,-0.28,0.58,-0.53,1.2,-0.13,1.88,0.59,1.03,0.52,-0.71,1.04,-0.5,1.43,-0.72,2.04,0.26,1.32,0.77,2.02,0.68,1.48,0.35,0.69,1.43,0.33,-3.31,-0.91,-0.17,0.42,-1.07,-3.31,-0.18,-4.04,-0.01,0.54,0.19,1.13,0.2,-0.37,0.93,-0.68,-1.51,-0.86,0.78,0.82,-3.31,-0.3,-1.01,0.28,-0.77,1.1,-0.43,-3.46,1.01,1.22,0.93,-0.28,-0.55,-3.47,1.24,0.25,0.71,-3.63,-3.82,-4.61,-3.18,-3.09,-3.63,-0.3,-3.56,-3.17,1.36,1.12,-2.21,0.47,3.42,-0.91,3.98,0.14,0.16
FLRT3,0.58,3.68,1.77,0.62,0.25,2.79,0.26,0.64,1.67,0.43,-0.35,0.95,5.17,2.27,1.45,3.4,2.63,2.7,3.22,2.8,1.95,1.0,1.7,2.46,1.71,3.45,1.63,3.2,4.06,0.12,3.77,5.44,0.23,0.61,0.12,0.71,-0.09,-0.23,1.45,0.96,0.26,0.43,0.06,1.87,0.3,2.89,2.64,-0.53,1.55,-0.6,0.93,2.17,2.84,3.84,1.86,1.69,0.58,0.6,1.7,2.36,1.14,2.34,2.66,2.89,0.98,1.84,3.3,2.37,2.67,3.69,0.88,0.91,2.57,0.67,1.73,0.66,3.31,2.4,0.05,1.82,-0.4,1.47,0.52,2.02,0.77,-1.01,-0.78,2.77,1.4,3.47,2.55,3.48,0.11,2.62,1.4,3.57,1.36,-0.27,1.45,-0.76,2.01,1.96,2.36,2.46,1.79,1.95,1.15,-1.97,3.21,1.66,-1.09,-2.47,0.93,1.06,1.33,2.46,1.5,2.41,-6.51,-6.51,2.46,-0.12,2.4,2.05,0.97,1.74,1.87,2.06,1.2
RTN4R,3.49,2.18,1.57,3.83,3.0,2.92,3.6,3.27,2.9,3.21,2.42,2.27,1.42,2.73,2.78,1.62,2.21,2.15,2.27,3.32,2.94,3.34,2.69,2.62,3.45,1.69,3.25,2.43,2.39,1.47,0.38,1.58,1.67,1.9,1.31,2.2,2.05,1.78,0.79,1.36,1.37,1.29,2.26,0.62,2.12,0.65,2.61,2.33,1.98,3.24,1.43,3.05,0.53,1.38,2.41,2.43,3.09,1.78,2.27,2.56,0.4,1.83,0.84,0.84,2.23,2.54,2.16,2.59,2.64,0.85,2.12,2.59,2.88,1.66,3.47,1.68,3.3,1.96,1.81,2.83,-0.1,2.35,1.67,1.53,1.25,2.55,2.91,1.12,3.09,3.18,2.69,3.32,1.67,1.89,2.98,3.2,2.1,2.5,0.88,1.53,1.32,3.01,1.89,1.43,1.88,1.01,1.21,1.05,2.42,3.64,2.23,1.91,3.0,2.89,-0.76,-1.2,3.38,0.69,2.54,2.59,2.82,3.33,-0.77,1.36,2.54,0.93,2.98,2.14,0.95
SLC52A3,2.17,2.74,1.28,2.45,2.15,2.46,2.44,2.44,2.63,1.97,2.35,-1.47,-1.55,2.7,2.32,1.69,1.92,2.09,2.09,2.93,1.99,2.42,2.51,2.53,2.4,2.51,2.32,2.23,2.29,3.37,-0.58,-1.21,3.27,3.16,3.3,3.78,3.17,2.52,-0.08,3.85,2.84,3.57,1.82,-0.22,3.38,-0.18,1.91,2.08,-1.83,-0.91,3.41,-0.69,-0.6,-1.32,3.2,3.42,2.88,3.48,-1.76,3.18,2.88,3.46,3.41,-0.45,3.5,2.5,2.14,2.52,2.41,-1.16,3.66,2.46,3.53,3.22,2.35,-2.18,-0.32,3.3,3.58,2.15,-1.04,2.77,3.54,3.19,3.22,2.97,-0.53,3.49,2.78,-0.49,-0.78,-0.61,3.58,3.05,2.32,-0.47,-1.61,3.87,3.16,3.06,3.12,2.23,3.87,2.32,2.7,3.12,3.08,2.96,3.99,2.32,2.82,-2.55,1.26,2.5,-2.51,-2.78,2.47,2.93,-0.89,-1.39,3.85,3.14,-2.83,3.0,-2.24,3.16,-1.45,3.04,2.4
CD14,4.99,6.44,7.4,5.71,5.21,5.85,5.09,5.78,6.22,5.68,5.56,7.22,5.51,4.8,5.88,6.09,5.9,5.76,6.21,5.9,6.01,6.06,5.42,6.08,5.44,5.04,5.63,6.34,6.13,5.62,6.33,5.66,4.62,5.18,5.38,4.93,5.72,5.12,5.37,5.23,5.15,5.53,4.82,6.11,4.94,6.31,5.35,5.08,7.4,5.13,5.29,5.06,6.0,5.79,5.57,4.7,4.99,5.11,6.46,5.51,1.89,5.99,4.26,6.54,4.65,5.71,5.77,5.79,5.34,6.48,5.57,5.96,5.63,5.68,5.53,7.34,5.12,4.59,3.28,6.02,7.68,5.4,5.16,4.03,5.17,5.14,4.98,4.25,4.36,5.2,4.79,5.31,5.51,5.68,5.43,4.95,7.4,4.24,3.5,5.46,4.18,5.27,4.36,6.07,6.18,4.16,4.01,3.17,4.79,5.14,5.78,4.19,5.18,4.96,5.59,5.4,5.21,4.1,4.6,4.55,4.81,4.86,5.92,5.51,5.69,4.15,5.82,4.26,4.43
SLC39A6,3.42,4.93,5.56,3.96,3.41,5.56,3.88,4.13,4.22,4.2,3.32,2.77,4.15,5.17,5.48,4.71,3.91,4.74,4.92,5.37,5.43,4.52,5.43,5.25,5.4,4.73,5.31,5.05,4.41,7.66,5.02,4.52,4.11,8.12,8.42,3.82,7.97,4.98,4.64,8.01,7.65,8.02,3.92,4.65,7.93,4.87,5.34,5.61,3.16,6.36,8.12,4.79,4.86,4.64,4.24,5.43,4.94,7.35,3.5,3.7,4.53,4.22,7.76,4.79,4.07,5.55,5.66,5.85,5.44,5.03,4.35,5.49,4.16,8.37,5.67,2.72,5.23,5.4,3.19,5.91,4.65,5.51,8.79,5.2,8.59,4.93,6.02,7.75,4.53,4.91,4.68,5.08,8.16,5.35,5.43,5.18,2.69,3.85,6.76,6.46,7.44,5.62,3.73,4.49,4.52,7.02,7.07,3.66,4.35,5.68,7.47,4.12,5.44,5.55,5.67,5.92,5.58,7.17,5.29,5.64,4.38,4.98,6.25,4.92,3.71,7.15,4.37,5.21,6.45
F2R,2.38,3.54,5.06,2.73,2.26,3.76,2.69,2.86,2.99,2.76,3.53,1.92,1.62,2.54,3.66,3.93,3.26,4.27,3.63,3.89,3.98,2.71,3.48,3.69,3.83,3.75,3.72,3.85,3.91,4.72,5.22,2.25,3.79,4.48,4.37,3.54,4.7,3.08,4.28,4.6,4.26,4.87,2.35,4.89,4.1,5.33,3.96,3.4,2.43,3.97,4.9,3.54,5.36,3.04,4.77,2.66,2.44,4.45,2.53,4.12,1.26,4.37,3.57,5.25,4.02,3.97,3.93,4.53,3.62,4.81,3.88,3.1,4.83,4.81,4.66,1.86,3.83,2.64,2.51,4.66,4.35,4.75,4.43,2.19,4.47,2.96,4.16,3.39,2.09,4.04,3.69,3.59,4.78,3.11,4.34,3.92,1.98,3.2,2.55,4.51,3.31,4.06,3.92,5.5,5.41,2.48,3.08,2.03,4.67,4.35,4.31,2.75,4.09,3.83,3.01,2.89,4.12,3.32,-0.68,-1.18,4.35,2.25,3.46,3.05,2.15,3.29,3.92,1.81,3.54
DSG2,4.49,5.33,-2.15,5.04,4.3,6.05,4.78,5.08,5.2,5.01,4.09,2.12,4.72,5.74,6.17,5.11,4.59,5.15,5.05,6.01,6.05,5.29,6.15,6.11,6.18,5.28,5.93,4.96,4.71,5.19,4.95,5.2,6.12,5.05,5.19,6.11,4.78,4.94,5.12,5.01,4.94,5.63,3.8,4.41,5.09,4.85,5.15,4.97,2.75,-0.64,5.3,4.79,4.75,5.03,5.92,5.26,5.33,4.89,3.22,5.52,3.91,5.86,5.46,4.33,6.23,5.07,4.78,5.46,4.85,5.11,6.25,4.78,6.12,5.47,-5.01,1.81,5.36,4.91,5.77,-3.82,0.86,-5.01,5.24,4.85,5.09,5.04,-0.1,5.18,4.9,5.0,4.82,5.1,5.13,5.2,-5.01,5.28,1.88,6.18,4.17,4.51,4.84,-4.29,6.18,5.67,5.52,4.43,4.24,6.84,6.03,6.01,4.34,0.37,-5.29,-5.01,-5.57,-5.57,-5.01,4.22,0.88,0.75,6.5,5.4,-5.01,4.71,3.62,4.42,4.2,4.99,4.25
HLA-DQB1,5.23,6.84,5.94,5.08,6.11,6.22,4.87,5.86,5.31,6.31,6.04,6.2,5.74,5.58,6.37,6.55,7.28,6.42,6.84,5.67,5.96,5.87,5.15,6.06,5.18,6.26,5.94,7.67,8.08,6.64,7.52,6.15,5.14,5.59,6.17,4.75,6.79,6.11,7.38,5.96,5.96,6.96,5.61,7.65,6.07,7.45,5.48,5.67,5.33,4.86,6.59,6.12,7.59,6.02,6.11,5.28,5.85,5.96,4.24,5.72,3.2,6.09,4.82,8.07,5.43,5.89,6.3,5.91,5.43,7.88,5.08,5.54,5.7,6.46,3.24,4.47,6.36,5.22,3.49,3.66,5.64,2.41,5.82,4.37,6.04,6.19,5.27,4.88,5.41,6.39,5.63,6.75,6.41,6.17,3.18,5.97,4.3,5.08,4.59,6.86,4.63,3.56,5.39,6.55,6.38,4.72,4.75,4.11,5.76,4.71,6.33,3.99,2.96,3.41,5.27,4.89,3.87,5.4,3.76,2.78,5.84,6.68,4.83,6.06,7.1,4.84,7.1,5.67,5.31
TSPAN1,4.73,5.83,0.44,4.58,4.62,5.09,4.82,4.43,5.29,4.8,-0.82,2.12,9.27,4.93,4.86,5.63,6.31,5.9,6.69,5.52,5.3,5.49,4.19,5.28,4.72,5.69,4.77,6.09,5.9,5.35,6.14,9.13,6.87,4.6,5.89,7.79,5.82,6.76,5.72,4.85,5.16,5.13,6.18,6.05,5.56,6.87,4.52,5.2,2.62,0.65,5.88,7.44,6.19,8.34,6.37,5.25,6.32,5.91,0.67,5.7,6.18,7.34,9.71,6.37,7.74,4.56,3.81,4.25,4.12,7.19,7.69,4.29,7.19,6.28,-0.36,1.6,6.96,6.17,7.41,-0.23,0.19,-0.32,5.88,5.39,5.55,7.24,0.22,9.95,5.79,7.36,6.28,6.89,5.15,6.06,-0.23,7.32,1.9,7.85,9.74,5.74,9.95,-0.06,7.14,7.93,7.76,9.9,9.85,5.13,7.02,3.22,5.01,1.24,-0.66,-0.13,-1.51,-1.03,-0.3,9.6,-1.12,-1.6,6.71,6.14,-0.72,5.31,2.27,9.42,1.66,5.61,9.16
CDH3,4.62,4.66,0.2,4.31,4.44,6.39,5.11,4.51,5.07,4.55,5.87,-2.94,-2.18,6.21,6.28,5.24,5.79,5.17,5.32,7.02,6.42,5.26,6.58,6.06,7.06,4.5,6.68,5.52,4.96,4.54,-0.98,-1.83,4.77,4.72,3.43,5.33,4.04,6.11,-0.65,3.39,3.68,4.79,4.67,-0.64,4.71,-0.94,8.23,7.06,-3.05,5.99,4.28,5.0,-0.73,-1.35,3.68,5.98,7.29,4.3,-2.83,4.05,4.58,4.46,4.51,-0.73,5.42,7.96,8.47,8.1,8.22,-1.27,5.45,8.16,3.68,3.98,1.3,-4.29,6.28,5.54,5.77,1.31,-0.15,1.07,4.26,4.6,3.7,7.23,6.18,4.68,7.31,5.86,5.07,6.2,4.72,6.35,1.14,5.65,-3.93,5.77,4.13,4.23,4.17,1.15,3.71,5.44,5.82,4.2,3.92,-1.28,5.47,7.14,4.28,-2.39,0.4,0.37,-2.21,-2.43,1.16,4.46,1.44,1.51,4.53,7.03,-1.66,5.42,6.48,4.28,6.74,5.48,4.27
ANO9,3.48,3.41,-2.83,3.87,3.26,2.64,3.77,4.17,3.97,3.28,1.94,0.19,3.73,2.97,3.35,3.38,3.57,2.77,3.88,3.35,2.81,3.99,3.61,2.53,3.02,3.54,3.44,4.06,4.45,2.84,3.41,3.64,5.21,2.82,2.72,5.92,3.01,3.64,2.27,2.29,2.68,2.76,3.52,2.55,3.21,2.21,3.15,3.48,-0.66,-0.34,2.62,1.93,2.33,2.54,3.76,3.47,3.84,2.73,0.14,3.58,3.83,3.43,1.56,2.38,5.26,3.03,2.78,2.56,2.91,1.65,5.78,2.91,4.15,2.76,-4.61,-1.04,1.71,3.36,6.1,-4.29,-1.16,-5.01,3.09,4.36,2.84,3.88,0.28,1.41,3.57,1.77,1.56,1.72,3.22,3.54,-4.61,1.67,-1.09,6.01,1.19,3.6,1.48,-4.29,3.95,3.44,3.15,2.22,1.97,0.95,4.25,3.42,4.0,-3.82,-4.61,-5.01,-2.93,-3.05,-4.04,1.58,0.46,0.88,4.54,4.24,-2.02,3.67,4.59,1.71,4.35,3.72,1.66
CDCP1,2.47,4.08,1.33,2.86,3.21,4.22,3.09,3.76,3.64,2.93,1.96,-2.11,2.8,4.12,4.08,3.5,3.57,3.88,3.8,4.34,4.08,3.43,4.2,4.08,4.49,3.42,4.36,3.75,3.32,3.36,1.89,2.72,4.14,3.32,3.97,4.32,3.3,3.98,1.75,3.61,3.12,3.84,3.4,2.43,3.55,2.41,4.53,4.52,-1.35,0.09,3.66,3.28,2.12,2.74,4.17,3.83,4.5,3.43,-1.55,4.06,3.02,4.15,2.85,2.27,4.27,4.9,4.83,5.11,4.84,2.35,4.54,4.78,4.54,4.08,-0.82,-2.78,3.8,4.1,3.86,-0.58,0.58,-0.64,3.81,3.56,3.4,4.39,0.6,3.13,4.18,3.77,3.08,3.73,3.6,4.3,-0.41,3.49,-2.83,4.47,2.59,2.92,2.74,-0.76,4.54,4.38,4.42,2.38,2.37,3.96,5.34,5.13,3.24,-3.46,-2.12,-1.03,-3.63,-2.85,-0.62,2.19,-3.83,-3.63,4.81,4.59,-0.9,3.81,-1.39,2.46,-0.07,4.25,2.56
TACSTD2,6.18,7.38,-1.8,6.81,6.41,7.39,7.15,6.85,7.41,6.52,2.22,-1.09,6.73,7.64,7.44,6.76,7.56,7.13,7.06,8.14,7.46,6.84,7.54,7.69,7.94,7.16,7.6,7.32,7.3,7.56,1.7,6.17,2.85,7.24,6.99,2.08,7.59,7.4,2.82,7.18,7.32,7.17,6.36,1.76,7.37,1.71,8.37,8.43,0.28,1.18,7.53,4.97,1.8,3.38,5.6,8.59,8.91,7.01,-0.58,6.4,8.69,5.87,8.2,1.69,2.6,8.37,8.04,8.27,8.34,1.1,3.45,8.1,6.12,7.31,-4.04,-2.28,8.05,8.62,2.69,-3.46,-0.66,-4.04,7.41,8.79,6.86,9.37,2.02,8.09,8.73,7.8,3.7,7.98,7.41,8.83,-2.83,6.45,-2.18,2.3,7.94,7.53,7.96,-2.93,6.22,6.84,7.42,8.24,8.01,1.12,7.01,8.15,7.37,-1.94,-2.99,-3.05,-0.4,-0.94,-2.93,7.74,-3.82,-4.61,6.57,8.79,-0.62,8.34,3.04,7.82,3.36,8.7,7.77
PRSS8,6.93,7.48,-3.46,6.86,6.72,5.65,6.67,6.73,6.86,6.64,5.71,2.32,6.25,5.55,5.47,6.65,7.45,7.07,7.26,6.28,5.83,6.93,5.77,5.73,5.79,7.72,5.88,7.48,7.6,7.0,4.45,6.1,7.26,6.91,7.35,7.19,7.33,7.67,4.89,7.47,6.9,6.84,6.82,4.13,7.4,4.56,6.25,6.09,3.23,-1.43,7.12,6.76,4.45,5.69,6.36,5.78,6.53,7.31,0.05,6.26,4.31,6.6,7.63,4.29,7.25,6.07,5.99,6.07,6.02,4.82,7.38,5.94,7.09,7.01,-3.93,0.12,6.55,5.63,7.47,-3.31,-3.46,-3.31,7.46,5.18,7.03,6.8,0.02,7.65,6.29,6.51,6.42,6.7,7.25,5.97,-3.46,6.48,1.94,7.74,7.78,7.4,7.75,-3.46,6.65,6.55,6.58,7.73,7.69,6.41,7.24,5.32,7.54,-3.63,-4.16,-4.29,-3.82,-2.51,-3.31,7.38,-3.93,-4.61,7.12,6.99,-2.31,6.01,6.22,7.35,5.54,5.54,7.29
CLDN3,9.47,6.28,-3.54,8.85,9.19,2.25,9.26,9.28,9.02,8.54,2.43,4.67,8.32,1.51,2.45,5.5,6.98,6.22,6.24,2.71,2.23,9.03,1.22,2.03,1.34,6.22,2.47,6.54,6.24,5.59,3.88,7.62,8.14,5.68,5.94,8.12,6.01,7.75,3.99,5.68,6.13,5.38,7.62,4.04,6.17,4.03,-2.11,-0.13,5.03,-4.04,5.83,7.55,3.91,6.61,6.55,1.61,1.64,6.19,4.1,7.2,1.09,6.29,7.49,3.94,8.0,-0.91,-5.01,-1.23,-2.05,4.03,8.35,-1.36,7.48,5.88,-4.29,4.35,7.55,2.4,8.15,-3.82,-3.82,-3.63,5.95,1.81,5.59,1.8,-5.01,7.69,0.37,7.71,7.41,7.84,6.4,2.05,-3.17,7.31,3.94,8.26,8.08,6.24,7.88,-4.04,6.34,3.95,4.3,8.04,8.11,1.48,7.0,0.16,7.18,0.14,-5.57,-3.46,-3.18,-3.63,-3.46,7.89,-2.63,-3.46,7.1,2.95,-2.78,1.32,-0.78,8.05,2.2,2.65,7.85
CD83,2.54,3.81,3.85,2.88,2.09,3.57,2.72,2.82,2.94,2.52,3.78,1.38,2.25,2.69,3.28,3.52,3.47,3.53,3.71,3.54,3.84,3.05,3.09,3.26,3.48,2.97,3.54,3.72,4.17,3.34,3.0,2.63,2.38,2.9,3.13,1.98,3.19,2.81,2.52,2.91,2.79,3.77,2.65,2.96,2.71,3.39,3.16,3.24,1.2,3.73,3.18,3.39,3.06,2.6,2.49,3.09,2.96,3.37,1.71,2.19,1.44,2.69,2.78,3.14,2.27,3.06,2.91,3.73,2.96,3.35,2.53,2.85,2.64,3.61,2.86,0.93,3.37,2.67,1.59,3.43,2.41,3.01,3.08,2.26,3.11,3.23,3.48,2.36,2.3,3.39,3.08,3.33,3.53,2.99,3.3,3.41,0.76,2.39,2.13,2.73,2.33,3.45,2.14,3.07,3.3,2.44,2.19,3.43,2.13,2.69,3.28,4.11,2.81,3.47,2.1,2.51,3.22,2.2,2.34,2.42,2.04,3.16,2.81,2.44,3.68,2.33,4.09,2.66,3.09
PTK7,5.4,5.88,4.78,5.75,5.16,5.87,5.52,5.58,5.74,5.21,6.54,1.04,4.49,5.95,6.19,5.93,6.15,6.13,5.91,6.45,6.37,5.49,5.83,5.81,5.91,6.15,6.38,6.23,6.54,5.81,3.39,4.72,4.67,5.8,5.65,4.22,5.65,6.81,3.07,6.14,5.61,5.78,6.53,3.56,5.93,3.78,6.1,5.77,0.88,4.99,5.9,5.54,3.46,3.86,4.14,5.99,5.89,5.57,3.42,4.51,5.37,3.76,6.06,3.45,5.03,6.29,6.47,6.2,6.25,3.18,5.07,6.36,4.5,5.89,4.03,0.78,5.75,5.76,4.85,4.11,5.94,4.0,5.94,5.56,5.6,6.16,5.28,5.86,5.78,5.78,5.48,5.79,5.93,6.1,4.11,5.24,0.41,5.21,5.8,5.89,5.76,3.64,3.36,5.42,5.67,5.98,5.68,3.1,4.82,6.28,5.76,0.71,3.92,4.24,5.08,5.04,4.12,5.64,5.15,4.73,4.52,6.04,5.24,5.95,6.19,5.56,6.64,5.76,5.76
GPR160,3.56,5.1,1.74,3.71,3.1,3.32,3.59,3.6,3.85,3.31,4.0,0.73,4.54,3.39,2.76,4.55,3.88,4.13,4.44,3.03,3.62,3.66,3.27,3.71,3.39,4.86,3.1,4.83,4.93,4.98,4.57,5.32,5.9,4.9,5.58,5.87,5.06,4.25,4.82,5.08,4.82,5.3,3.45,4.19,5.12,4.38,1.11,0.99,0.61,-0.01,5.27,2.11,4.16,4.64,5.46,2.58,2.55,5.44,0.86,4.98,4.26,5.15,6.35,4.14,6.27,1.36,0.66,1.83,1.04,4.8,5.87,0.55,5.43,5.33,0.41,-0.19,1.83,3.86,5.96,0.68,1.21,0.35,5.15,4.3,4.93,2.4,-0.49,6.06,1.82,1.62,2.19,1.94,5.17,3.07,0.56,1.9,-0.12,5.9,5.53,4.8,5.95,0.76,5.44,3.96,3.41,5.51,5.99,4.74,4.99,2.6,4.43,0.51,-0.07,0.3,0.04,-0.29,0.51,5.77,-0.77,-0.53,5.36,2.1,-0.03,3.72,2.66,5.93,2.03,4.12,5.78
SLAMF8,1.01,4.23,2.75,1.66,1.49,3.88,1.71,2.33,2.2,2.27,3.38,2.02,2.29,2.25,3.89,4.05,3.6,4.17,4.15,3.14,3.85,2.85,3.36,4.01,3.1,3.09,3.72,4.05,3.95,2.96,3.45,2.02,2.48,2.57,3.32,2.21,2.58,2.47,2.24,2.65,2.48,3.54,1.68,3.16,2.09,3.54,2.87,2.28,1.06,2.21,2.95,1.62,2.97,2.11,3.33,2.14,2.33,2.95,0.97,2.8,-0.99,3.61,1.24,3.64,2.56,3.21,3.02,3.52,2.81,3.5,3.09,2.62,3.27,3.39,0.15,0.94,2.22,2.47,0.6,0.91,3.1,0.81,2.66,1.16,2.64,2.99,2.65,1.41,1.47,1.85,0.78,1.33,3.14,3.0,0.47,1.71,0.86,1.94,0.75,3.39,1.28,0.02,2.27,3.9,3.79,1.04,1.14,-0.48,2.45,2.85,2.55,-0.09,-1.3,0.07,-0.11,-0.15,0.54,1.39,-0.03,-0.94,2.4,2.17,0.33,2.64,2.88,0.74,2.72,1.7,1.68
EFNA1,5.6,7.76,5.5,6.08,5.71,6.66,5.97,5.85,6.08,6.1,3.75,7.5,6.28,6.67,6.87,6.53,7.23,6.71,7.27,6.54,6.27,6.1,6.74,6.7,6.63,7.76,6.77,7.69,7.48,7.01,6.96,5.92,6.38,6.92,6.92,6.63,7.15,6.22,6.78,7.09,6.74,7.03,5.66,6.65,7.23,6.85,6.55,6.65,8.21,4.56,6.99,6.15,6.8,5.76,5.8,6.41,6.95,6.72,7.63,6.31,5.84,6.36,7.0,6.81,6.82,6.46,6.36,6.03,6.62,6.73,6.79,6.61,5.96,6.98,4.36,7.64,6.39,6.36,6.52,4.76,4.16,5.02,7.15,5.71,6.66,7.06,4.87,6.8,6.94,6.42,5.99,6.3,6.98,6.39,4.44,6.4,7.75,6.68,6.76,6.83,6.79,4.5,5.66,6.34,6.47,6.96,6.93,4.76,6.4,6.73,7.53,4.64,4.4,4.38,3.75,3.59,4.35,6.86,4.38,3.9,6.42,7.19,3.98,6.17,6.03,6.85,6.15,6.38,7.0
NETO2,1.63,3.83,4.07,1.35,1.49,3.95,1.58,1.83,2.5,1.7,4.34,-0.07,-0.17,4.2,4.08,3.41,3.11,3.76,3.48,4.16,3.79,2.03,4.1,3.9,4.02,3.17,4.13,3.94,3.06,2.74,5.39,0.02,3.71,2.44,2.83,3.9,1.75,2.1,3.9,2.28,2.34,3.11,2.11,4.9,2.85,4.78,4.43,4.43,0.32,2.96,2.69,1.53,5.12,1.25,1.69,4.13,4.53,3.58,0.53,1.82,1.61,2.95,2.51,5.02,3.22,4.22,4.47,4.45,4.35,5.56,4.42,4.04,2.12,3.43,3.36,-0.62,1.04,3.5,3.78,3.76,2.69,3.32,2.6,1.9,2.61,4.51,2.91,2.03,4.26,1.09,1.8,1.03,3.05,2.9,3.31,1.66,-1.18,2.51,1.84,1.75,2.02,3.65,1.68,1.3,1.95,1.4,2.19,2.25,2.8,4.79,2.48,3.71,2.48,3.19,2.02,2.09,3.13,1.86,2.31,2.57,1.87,4.56,1.69,2.7,2.59,2.77,2.64,2.99,1.41
TNFRSF21,3.67,6.15,5.29,4.25,4.12,5.39,4.42,4.73,4.75,4.41,3.96,1.91,5.09,5.61,5.43,5.65,5.53,5.8,6.05,6.06,5.93,4.41,5.33,5.42,5.64,5.91,5.18,6.25,5.78,3.84,5.31,5.62,5.08,3.8,3.42,4.92,3.55,4.99,4.68,3.97,3.69,4.29,4.35,4.8,3.79,5.32,5.97,5.72,2.6,4.21,3.92,2.75,4.97,5.25,5.61,6.8,5.3,3.78,3.1,5.67,7.29,5.99,4.81,5.17,5.17,5.69,5.75,6.36,5.83,5.33,5.18,5.38,6.19,3.77,6.14,2.18,3.8,6.88,5.11,6.17,4.18,5.81,3.38,6.76,3.49,4.82,4.44,4.37,5.17,3.97,2.7,3.7,3.49,6.3,6.06,3.28,2.19,5.28,4.05,3.55,4.23,5.82,5.61,6.04,6.23,4.02,4.13,4.54,6.6,5.52,3.45,1.26,5.55,5.92,3.22,2.94,6.21,4.13,2.07,1.95,6.33,5.12,3.44,6.19,3.82,4.07,3.47,6.8,4.15
SDC1,3.64,8.01,2.46,3.58,3.98,8.37,4.2,4.47,5.17,4.83,4.37,8.12,6.28,8.48,8.4,7.29,7.63,7.76,7.76,9.11,8.04,4.66,8.35,8.43,8.76,7.58,8.66,7.74,7.54,6.97,5.46,6.71,6.71,6.87,7.19,6.82,6.87,6.06,5.22,7.26,6.35,6.87,5.31,5.46,7.15,5.51,8.66,8.93,7.9,4.67,7.22,5.92,5.61,6.9,6.5,8.96,8.49,7.33,7.46,6.32,9.26,6.48,4.82,5.65,6.68,8.96,8.78,9.0,9.04,6.13,7.04,8.95,6.95,7.45,0.04,7.82,5.63,8.96,6.64,1.1,4.52,0.4,6.92,9.03,6.98,8.86,4.72,5.23,8.09,5.73,5.79,6.01,6.68,8.73,0.39,5.91,8.01,6.83,4.95,6.59,4.89,0.31,6.57,6.86,7.01,4.56,5.22,4.43,6.97,8.77,6.69,5.31,0.28,0.15,0.92,1.6,0.59,5.53,2.39,2.06,6.71,8.5,1.64,8.7,5.01,5.21,5.08,8.72,5.2
GPR143,1.78,1.89,-0.23,2.84,2.17,1.3,2.24,2.06,2.69,1.74,2.78,0.52,2.92,1.76,1.34,1.18,1.43,1.06,1.47,1.43,1.94,2.47,0.94,1.64,1.57,1.16,1.29,1.71,1.99,1.59,0.55,3.09,2.28,1.31,2.27,3.06,2.01,2.53,0.78,2.03,1.95,1.72,1.93,0.7,2.11,0.91,1.04,1.1,-0.07,7.76,2.05,1.04,0.71,4.36,-1.99,1.32,1.78,2.03,-0.73,-1.0,0.93,-1.14,1.97,0.33,2.65,0.72,-0.25,0.68,0.04,1.39,2.23,1.26,-1.23,2.1,0.4,0.05,1.21,0.84,2.43,-0.28,-2.59,-0.53,1.73,0.71,2.14,2.04,6.97,1.99,1.79,1.02,0.92,1.12,2.09,0.65,0.26,1.38,-1.02,2.54,1.66,1.64,2.04,0.51,-2.51,1.14,1.16,1.59,1.98,4.42,-0.71,0.09,1.73,1.24,-0.12,0.02,-1.76,-2.37,-0.17,1.79,8.01,8.03,-1.69,2.12,-1.99,0.51,2.73,2.07,2.66,1.15,2.09
MPEG1,0.83,3.73,1.93,2.3,0.93,3.27,1.65,2.16,2.64,2.21,3.65,2.3,2.26,1.37,3.14,3.73,2.31,3.3,3.68,2.74,3.31,2.83,2.72,3.32,2.39,2.56,2.52,3.7,3.98,3.33,4.67,2.7,2.47,2.55,3.25,2.46,3.36,1.96,2.45,2.56,2.63,3.71,0.78,3.63,2.08,4.33,1.83,1.45,1.92,2.0,3.21,1.35,3.91,2.29,3.63,1.67,1.7,2.87,1.77,2.57,-1.34,4.05,2.77,4.17,2.23,2.7,2.1,3.39,1.9,4.09,3.02,2.46,3.65,3.73,2.03,2.02,1.89,1.43,0.04,2.17,4.18,1.08,2.44,1.1,2.73,2.11,2.06,2.56,0.28,1.75,1.35,1.51,3.23,2.63,1.23,1.74,2.0,1.7,1.03,2.61,2.35,2.06,2.43,3.71,3.58,1.84,1.63,0.42,2.22,1.96,2.58,0.33,1.52,1.83,1.44,1.01,2.14,2.01,1.83,1.06,2.76,1.33,2.06,2.35,3.79,1.94,3.8,0.82,2.32
IL2RB,0.1,2.57,-0.24,1.45,0.83,2.86,0.53,1.8,1.76,1.82,2.36,0.75,0.48,1.24,2.31,2.53,2.36,2.54,2.66,2.47,3.12,1.84,2.23,2.51,2.04,2.09,2.77,2.8,2.59,2.27,2.68,0.48,1.85,1.33,2.03,1.52,1.9,1.59,1.78,1.34,1.9,2.58,0.13,3.02,1.13,2.88,2.11,1.84,0.39,0.86,2.13,1.29,2.69,1.03,3.49,2.07,2.32,2.03,0.12,1.9,-1.08,3.06,1.28,3.22,1.63,2.6,2.12,3.49,2.2,3.02,2.22,2.32,3.35,2.27,-2.43,-0.31,1.76,1.44,-0.61,-1.68,1.36,-2.73,1.45,0.75,1.55,2.38,1.35,1.29,1.82,1.46,0.82,1.56,2.23,2.01,-2.47,1.42,0.08,1.55,0.35,1.5,0.82,-1.99,2.62,2.28,1.88,0.26,0.38,0.47,2.64,2.76,1.73,-1.43,-2.24,-3.31,-1.41,-1.55,-2.55,0.71,-0.95,-1.35,2.8,2.73,-0.55,1.32,2.08,0.15,2.69,0.71,1.52
