gene,mean_plddt,plddt_below_70,plddt_below_50
CLDN4,84.6,15.8,5.3
PRSS8,83.7,22.2,16.6
CDH1,79.2,24.6,16.2
ILDR1,59.0,66.1,52.6
CLDN3,81.5,22.3,8.6
SDC1,55.2,82.9,48.4
CD24,63.7,53.8,33.8
EPCAM,87.2,13.4,3.5
CRB3,69.4,54.2,17.5
TACSTD2,82.7,25.1,8.7
CLDN7,82.6,19.9,10.9
SERINC2,78.5,27.9,13.0
TREM2,76.8,38.7,21.7
CDH3,76.7,29.6,22.0
SEZ6L2,71.9,33.0,24.5
GJB2,86.2,12.8,2.7
TSPAN1,88.2,12.4,4.6
DSG2,64.5,48.7,45.0
SPINT2,81.1,29.8,6.7
CLDN1,84.7,19.0,3.3
IGSF9,66.2,45.0,39.3
LAMP3,67.7,53.6,41.8
CDCP1,77.6,26.2,19.3
F2RL1,82.1,20.9,13.1
GPR160,76.5,29.3,17.8
SLC44A4,83.5,16.3,4.9
CXADR,79.3,31.8,18.1
SCNN1A,74.6,32.3,23.9
PTK7,82.7,14.2,9.4
FCGR1A,85.1,19.8,9.1
HLA-DQA1,87.9,14.2,2.0
SLC12A8,69.1,41.6,28.2
FCGR3A,85.7,22.0,7.5
CD3D,77.7,38.0,3.5
CD52,67.2,49.2,3.3
MUC1,47.4,89.5,71.0
CD2,77.7,37.9,17.9
SLAMF7,78.2,30.4,17.3
TMEM132A,72.7,37.0,24.0
DSC2,76.8,29.9,19.6
CD48,82.8,23.0,13.6
GPRC5A,77.9,31.1,14.6
OLR1,87.4,13.6,11.7
IL2RG,75.5,38.8,23.8
IGSF3,81.5,14.6,8.0
HLA-DQB2,86.3,18.7,1.9
FPR3,83.4,17.3,11.3
TNFRSF21,68.0,44.9,40.2
ZP3,77.7,29.5,18.9
CEACAM6,88.2,16.3,12.2
EFNA4,82.7,21.4,11.4
F11R,87.2,17.4,8.7
ERBB3,72.5,34.1,29.7
EFNA3,73.2,43.3,22.3
NETO2,72.1,39.8,29.9
HLA-DRA,89.2,14.6,1.6
HLA-H,87.8,16.3,11.3
PODXL2,54.4,75.4,57.7
HLA-DQA2,88.7,12.5,1.6
TMEM184A,72.2,33.4,20.6
GJB1,80.2,22.3,10.2
HLA-DRB5,86.8,18.4,4.9
CXCR3,80.5,22.8,12.8
PROM2,85.8,10.7,5.6
RNF43,55.5,69.9,59.6
SLC6A14,89.5,8.1,6.2
GPR39,76.1,32.9,22.1
VTCN1,88.5,11.7,7.8
HLA-DQB1,86.9,17.2,3.4
ITGB6,82.9,15.6,5.2
HLA-DMB,89.2,15.2,2.3
FOLR1,91.2,7.4,0.0
SLC39A4,74.9,29.2,19.6
CD74,69.9,45.9,27.0
IGSF6,79.6,31.1,11.2
CD27,71.7,48.5,28.8
MET,79.2,21.4,13.9
DDR1,76.2,29.6,25.2
CXCR4,82.3,21.0,12.8
CXCL16,64.6,56.7,36.6
CD68,73.2,44.9,28.2
LYPD6B,80.1,32.2,7.7
BST2,85.3,23.9,7.2
ITGB2,85.8,10.1,4.2
HLA-DPA1,90.1,9.2,1.9
EPHB3,82.1,17.3,12.3
LYPD1,76.0,41.1,7.1
CD86,80.1,31.0,17.6
PIGR,76.7,28.0,20.9
SLC12A5,78.5,21.9,16.5
TSPAN13,90.0,6.9,0.5
PLAUR,81.5,24.2,18.2
NUP210,79.6,16.3,6.8
THY1,82.7,26.7,2.5
HLA-DPB1,87.4,15.5,1.9
GPR143,73.5,33.9,23.8
CACNG4,66.2,54.7,33.6
RPN1,90.1,7.2,4.4
CYBB,90.2,4.6,0.5
ITGA2,85.7,10.9,4.3
ITGB4,68.4,38.4,24.0
SLC52A3,80.4,22.0,15.8
CD79A,77.1,36.3,9.7
CA12,87.8,18.1,10.7
HLA-DOA,89.4,8.4,0.4
IL2RB,64.6,57.9,38.8
TSPAN6,88.3,13.5,1.2
PTPRF,82.0,14.2,6.7
CD4,85.2,16.6,8.7
ANO9,80.2,16.6,9.3
MSR1,67.4,51.9,25.3
EFNA1,79.1,35.6,15.1
SLC2A1,90.3,6.1,4.9
SELPLG,50.4,89.3,68.7
TMPRSS13,73.6,37.2,30.7
SLC34A2,72.9,30.7,21.6
RAET1L,82.1,29.7,11.8
GJB3,78.4,27.4,12.6
PTAFR,86.5,12.0,5.6
GGT1,94.8,3.2,0.7
EFNA2,79.9,33.3,15.0
EPHB2,80.0,21.1,15.0
ATP1B1,89.6,6.6,0.3
CD276,83.3,17.4,10.7
TREM1,71.6,47.9,24.8
SLC44A3,81.3,18.4,6.1
SLAMF8,81.3,25.3,15.1
SERINC5,77.6,26.0,17.3
SUSD3,69.1,49.0,30.6
CEACAM1,81.5,22.1,17.5
CCR5,85.4,15.6,12.8
CHRNA5,81.2,18.4,13.2
HLA-DMA,88.3,16.9,2.7
ICAM3,87.1,13.2,10.2
ADAM12,72.3,35.1,26.2
TTYH3,79.4,24.7,21.0
SLC9A7,67.1,43.9,26.3
LAMP5,86.5,17.1,5.4
OPN3,79.8,26.6,24.9
SELL,85.3,19.1,9.7
TGFA,66.5,52.5,22.5
CCR1,83.2,16.9,11.8
LY6E,77.6,30.5,3.1
HAVCR2,71.8,44.5,19.6
SSR1,76.1,37.4,18.9
P2RY6,85.9,10.7,4.9
TMEM182,87.5,10.5,0.0
HM13,82.4,17.8,12.5
CD47,86.3,15.5,6.5
CD14,84.7,18.4,14.1
TMEM171,55.6,71.9,44.1
RTN4R,75.1,39.3,34.5
SUSD4,70.9,43.5,30.6
MPZL2,89.4,7.9,0.0
LMAN2,84.1,21.1,14.9
LPAR5,84.0,18.8,11.6
SLC40A1,80.3,23.8,15.1
ADAM10,80.0,21.0,9.4
ICAM1,88.4,11.1,6.2
LYPD3,74.3,41.3,27.7
F2R,74.6,32.7,25.4
SIRPG,85.5,19.4,11.9
PTGFRN,84.1,15.0,3.4
TMEM9,72.8,42.6,8.7
VCAM1,84.3,13.9,6.4
TMEM123,59.6,76.4,39.4
EBP,95.6,3.5,0.9
CD7,77.0,40.0,12.9
TNFRSF18,74.4,38.6,20.7
SLC7A5,85.9,8.9,5.5
ALCAM,85.9,14.6,11.1
RNF128,75.5,35.0,27.1
SLC31A1,70.3,50.0,18.4
TRPV4,71.6,33.3,25.4
FLRT3,74.3,34.7,31.0
SLC52A2,84.1,16.4,10.1
SLC1A5,78.3,24.2,17.6
TNFRSF4,77.0,41.5,20.9
SLC39A6,60.4,56.6,46.1
FZD2,83.4,18.1,12.9
TMEM106B,75.9,35.0,22.3
SLC15A3,80.8,23.6,9.5
CD83,72.6,43.9,21.5
SPN,53.3,91.0,45.8
TSPAN33,89.2,9.5,4.6
MPEG1,82.7,19.0,10.2
LY75,75.6,27.0,10.1
CADM1,80.6,27.4,19.5
ITGAL,82.6,16.5,7.9
FCGR2A,76.9,37.5,24.0
IL27RA,79.0,25.5,13.1
TMEM37,87.4,13.2,7.4
TNFSF15,81.1,28.7,16.3
CSF2RA,82.0,25.0,16.5
UNC5B,76.6,27.5,22.2
CCR8,82.1,18.3,14.4
MS4A15,68.3,46.2,38.3
FCAMR,55.3,71.4,63.3
UNC93A,85.1,13.6,8.1
TNFRSF9,82.0,27.8,9.0
ABCA12,68.1,45.2,17.7
SLCO1B3,79.1,23.9,15.7
CD1A,88.6,9.5,6.4
GPR87,81.9,20.7,8.9
LRRC15,83.6,20.3,18.2
CNTNAP2,83.4,16.1,11.0
CD1B,90.8,10.5,6.3
CD3G,75.3,37.9,4.4
TNFSF11,79.2,32.5,16.4
UGT8,89.8,9.4,5.0
SIT1,60.8,80.6,23.5
ALPP,93.4,9.9,6.7
MUC15,52.2,85.0,57.2
TIGIT,74.6,42.2,21.7
IL22RA1,61.7,59.4,52.3
CLDN8,80.4,25.3,10.2
CD300LF,72.5,50.3,25.5
TLR7,87.6,11.2,4.9
GJB4,78.1,26.7,15.4
IL2RA,72.5,40.8,28.7
MSLN,78.6,21.1,16.5
SLC5A1,84.4,14.0,6.3
SLC15A1,87.0,6.9,2.7
ERVMER34-1,44.3,91.7,73.2
CD164L2,65.7,57.5,17.2
MFSD6L,74.2,33.8,23.9
RHBDL2,85.8,14.9,0.0
PTCRA,63.8,56.6,43.1
KLRB1,81.0,31.6,12.0
HCAR1,80.9,20.5,14.5
GABRD,79.2,22.3,17.7
MST1R,80.1,20.4,13.8
KREMEN2,76.8,35.9,25.8
ULBP2,81.8,30.9,10.6
IL21R,64.1,58.0,42.0
MPZL3,80.5,35.3,4.3
CCR6,79.6,23.3,15.2
ICOS,74.0,42.2,9.0
CD5,73.4,35.8,23.2
CD180,93.3,4.8,3.8
CD96,64.9,48.7,32.0
CEACAM5,87.1,8.7,8.1
ULBP3,81.6,29.5,13.9
AMN,80.5,26.0,16.6
CXCR6,82.1,20.5,11.4
HTR1D,79.0,24.9,17.8
CD300A,70.7,53.2,24.7
SLC44A5,82.2,17.7,4.2
SLAMF9,82.0,23.9,9.0
CD8B,82.0,24.3,5.2
DPP4,96.2,3.0,1.0
CD1E,81.5,25.5,17.0
HLA-G,90.5,10.1,7.1
LAMP2,83.2,17.1,12.0
EPHA10,79.2,22.0,12.8
DCSTAMP,82.3,17.9,1.1
CD6,66.2,50.7,45.2
SLC9A2,66.2,44.1,32.6
C3AR1,68.8,42.1,36.7
FOLH1,93.8,5.3,3.9
PMEPA1,56.7,80.8,44.6
CD70,83.2,21.8,6.2
FGFR3,74.2,32.6,22.7
TNFSF13B,78.4,34.0,27.7
SLCO1A2,80.2,20.7,13.7
CD9,88.6,7.9,0.0
APLNR,81.7,23.4,15.5
CHRNA1,84.0,16.0,9.0
LILRA4,83.1,17.4,14.2
GABRA3,76.4,30.7,25.2
ERBB2,74.0,33.1,24.5
CD82,88.3,8.2,0.4
ACE,90.9,5.7,3.9
SLC29A3,82.3,18.7,16.0
PTPRJ,77.8,24.6,18.1
CD37,83.1,19.2,6.4
SLC52A1,83.8,16.1,12.1
SLC37A1,79.5,23.1,17.8
ENPP5,88.1,15.7,10.3
IFNLR1,64.2,57.3,45.6
CD53,93.0,2.3,0.0
CD8A,78.2,33.2,14.5
NIPAL1,81.1,24.4,6.6
ERMP1,88.9,8.8,7.3
TM4SF1,80.6,20.3,8.9
ABCC4,83.0,11.8,7.9
SLC16A1,83.1,19.6,16.2
NOX4,87.0,11.1,7.8
FCRL5,76.0,25.5,15.1
FAP,95.6,3.4,1.4
BAMBI,64.6,53.8,29.2
IL12RB1,77.5,24.0,15.4
EDAR,66.6,47.8,33.3
TSPAN15,87.6,12.2,7.5
DLL3,65.2,46.0,27.5
CHRNA9,80.9,22.8,9.8
FZD5,81.6,22.1,14.5
SLC39A8,73.1,33.0,19.8
EVI2B,50.9,90.2,64.5
GPR19,74.4,35.4,22.7
ITGB7,83.0,14.9,6.3
ITGB8,76.7,25.9,18.3
CPD,82.5,17.8,13.6
GJB5,78.3,26.0,15.4
SLC28A3,80.3,21.1,12.4
CCRL2,77.8,31.4,12.2
SIGLEC10,73.2,34.0,24.1
IL17RB,79.5,22.7,12.9
TM9SF2,84.8,12.2,4.1
SLC1A4,80.5,20.5,13.0
TNFRSF17,65.0,60.3,33.2
GPRC5C,70.8,42.6,34.2
EMB,77.5,28.4,20.5
MS4A6A,74.5,37.1,24.2
CTLA4,80.1,31.8,9.0
UNC93B1,79.6,21.4,17.3
IL20RA,63.0,56.4,43.4
GABRP,79.2,27.3,16.8
SLC39A9,79.7,26.7,15.0
EPHA1,80.4,21.5,8.1
SECTM1,74.7,41.1,18.5
TMEM158,56.6,68.3,48.7
SORL1,73.2,33.8,11.8
NFAM1,72.4,45.9,26.7
TNFRSF10A,66.1,50.0,43.4
GPR158,58.0,59.2,48.1
LRRC37A2,42.1,83.1,77.7
CLDN16,77.0,27.2,17.9
SIGLEC15,78.4,30.8,23.5
MR1,87.5,15.0,5.9
CLEC5A,85.2,21.8,17.0
ACP2,91.6,11.3,2.1
LPAR2,85.6,15.8,6.6
SLC38A1,79.9,22.4,13.1
CDH11,77.7,26.5,20.0
SLC33A1,82.4,16.9,13.3
TLR3,90.6,7.9,4.1
IFNGR2,83.8,27.0,8.0
SCNN1G,80.1,21.3,14.8
FASLG,80.2,31.0,13.9
ZACN,77.5,27.4,18.4
P2RX4,89.3,6.2,0.5
RTN4RL2,79.0,32.4,27.6
ITGA6,80.4,19.9,12.3
BCAM,83.5,17.2,11.9
CD101,81.5,17.8,6.5
SVOPL,83.8,14.4,10.4
P2RY13,83.1,20.9,11.6
FAM171A2,58.8,65.7,54.1
LRRC25,70.3,46.2,28.9
BACE2,82.7,23.2,18.9
NCMAP,65.6,66.7,19.6
CD80,86.1,17.4,6.6
TMEM150B,93.0,8.2,0.4
LAIR1,71.4,48.4,26.8
TMEM154,62.5,72.7,30.1
BTN3A2,90.0,8.7,2.7
FAM174B,63.6,70.4,20.8
EPHA2,82.2,16.8,9.1
ATP1A1,88.7,5.7,2.9
PTPRK,82.3,15.1,10.8
SLC37A2,83.9,15.8,8.8
SLAMF6,77.2,31.6,25.9
SLC41A2,72.8,33.7,27.4
DSC3,75.2,30.5,23.9
CCR4,80.7,21.9,15.8
CD300C,74.0,41.5,21.0
PCDH1,76.2,27.7,22.2
SLC37A4,85.8,7.2,4.2
GABRQ,66.4,46.4,38.0
SIGLEC7,74.3,33.8,24.2
SLC13A2,83.2,16.7,7.8
ZDHHC5,58.8,65.7,56.1
TMED7,84.2,25.0,5.8
MMEL1,90.0,8.3,7.6
IFNAR2,64.4,58.4,38.6
FOLR2,89.2,14.5,1.6
CLSTN1,77.2,26.3,18.8
TMEM87B,73.9,34.8,17.1
EVI2A,56.7,82.6,37.3
MICB,78.0,29.5,20.9
NCSTN,89.4,5.4,2.3
PTPRC,76.0,28.0,24.9
UPK2,76.8,28.8,1.6
PRND,77.0,35.8,8.5
SLC30A1,67.4,46.5,34.1
F2RL2,76.3,29.7,14.7
ATRN,78.8,20.2,11.8
LRP11,67.7,48.6,32.8
FLVCR1,77.6,28.6,22.9
SLC6A11,86.6,13.9,11.4
PIGT,87.3,12.1,2.9
P2RY10,83.8,17.4,5.3
IFNAR1,78.0,27.6,20.6
CADM4,85.3,18.6,13.9
ITGA3,83.6,14.3,6.9
CD44,53.2,76.1,69.7
GRIN2D,63.2,48.6,39.6
LRP8,72.5,35.1,23.2
PIGO,82.5,19.9,7.8
ADAM28,75.6,28.5,19.4
LY9,66.1,47.5,35.1
SLC7A1,82.2,17.3,7.8
RHBDF2,67.4,43.5,34.9
IGFLR1,71.9,41.4,27.3
SLC18A1,77.2,28.2,19.0
CDH7,78.4,26.6,16.4
TNFRSF19,60.3,63.4,53.7
MPZL1,76.4,37.9,16.4
MMP14,80.8,24.2,18.0
SEMA4A,84.3,17.9,11.2
DPEP1,93.3,10.5,6.3
OR2B6,88.0,8.3,3.2
TNFRSF10C,71.6,49.8,26.3
SUCNR1,87.5,9.9,2.1
ADAM8,73.7,32.3,23.7
FZD6,72.4,35.6,29.3
ITM2C,76.2,36.3,19.5
CHRNB4,81.3,22.5,16.7
GPC4,83.2,21.6,15.1
GPR37,61.9,56.9,44.9
PSEN1,72.1,39.2,27.0
SMO,72.7,39.5,28.0
C11orf24,51.5,88.9,62.8
TCTN2,74.5,35.4,10.0
SUCO,52.4,72.0,66.1
TMEM179B,85.9,16.4,5.5
DAG1,68.2,47.9,38.0
LAG3,78.3,28.2,17.3
ADAM9,76.2,28.1,20.3
CX3CR1,80.5,23.4,10.7
ITGAV,88.3,10.6,7.8
ATRAID,87.0,17.0,2.6
IL10RB,82.1,28.9,15.7
CD63,90.6,6.3,2.5
SUSD1,77.8,21.6,9.8
ITGB1,85.9,10.8,3.3
IL1RL2,77.2,23.0,14.1
TM9SF1,84.2,15.5,7.8
GPR132,79.5,23.2,16.6
GABRG3,75.2,30.6,28.1
ATP13A2,79.6,17.7,10.3
TGFBR1,84.2,18.3,11.5
MUC13,67.1,50.2,33.2
BSG,86.1,16.4,8.6
PRSS21,84.7,20.4,12.4
CLDN12,81.0,27.5,17.2
LRP5,77.9,21.9,16.8
TM7SF3,88.4,10.5,6.1
PLXNC1,79.1,19.9,9.0
HRH1,70.0,38.2,34.3
CD164,66.6,56.3,23.4
ICOSLG,82.6,23.2,15.9
NKAIN1,75.5,39.6,11.1
PTPRH,83.6,14.9,8.6
PANX1,74.3,30.8,17.6
STT3B,79.8,20.5,15.1
CLDN10,80.1,25.9,15.8
CLN3,81.5,21.5,18.3
KISS1R,75.3,31.7,21.4
TSPAN17,88.4,10.0,4.1
EPHB4,82.0,17.2,10.1
ANO1,76.6,25.8,14.6
GPR137B,68.9,42.6,30.6
GPR84,80.7,23.5,19.7
ACVR1,83.1,19.8,12.0
LPAR3,81.4,21.0,11.6
ADAM17,72.7,32.8,23.1
PCDHA11,73.5,33.0,29.4
C3orf80,59.4,75.3,34.0
LRRN4,69.4,39.1,33.9
SLC2A10,74.7,29.4,23.1
TSPAN3,87.0,12.3,2.4
UBAC2,72.1,37.8,12.2
LILRB2,75.9,30.3,25.6
IL1RAP,86.1,9.1,6.7
PCDH17,67.7,44.1,40.5
CNNM4,76.5,26.6,16.9
SEMA4B,81.6,24.4,16.1
APP,67.4,44.5,35.7
NRCAM,77.4,24.4,15.6
CXCR5,81.1,26.1,10.2
SLC38A8,83.7,15.9,8.0
IGSF8,88.1,9.8,3.1
LMAN2L,84.4,19.5,14.1
TSPAN14,88.1,10.7,2.2
CD151,88.3,9.1,4.0
NIPAL3,75.1,28.8,23.9
SLC3A2,78.7,26.3,24.9
PMEL,68.5,44.9,35.1
SLC44A1,83.4,12.9,6.2
TMEM63C,74.3,31.9,18.6
SLITRK6,67.6,41.4,34.5
CD1C,88.5,11.4,7.2
ADORA2B,88.1,12.0,7.8
CD320,63.8,65.2,31.9
SLC39A10,58.9,60.0,48.5
SLC17A5,84.2,15.2,8.5
CSF1R,77.8,25.0,18.7
HCAR2,82.7,16.5,13.8
GRM8,84.1,14.1,7.7
UPK1B,86.5,7.3,0.0
PKD2L1,75.4,27.5,19.5
DISP2,67.5,40.4,34.5
IL7R,67.5,52.1,38.8
NTM,82.4,21.2,19.5
PCDHB9,81.6,17.9,15.6
SCARB1,83.4,16.3,13.2
SLC43A2,78.9,23.7,18.8
CD28,81.3,31.4,1.8
CALCRL,78.7,24.7,11.9
PTTG1IP,77.2,35.6,5.0
TLR1,87.2,10.1,1.0
SLCO4C1,78.6,24.4,16.2
ITGA4,84.4,14.2,5.9
ABCC3,81.9,12.9,7.5
SLC9A1,67.6,42.6,29.1
TMEM26,77.5,24.7,17.9
GPR171,87.7,7.8,1.3
GPR141,81.6,19.3,4.3
SLC35A5,76.8,30.4,18.9
TM9SF3,86.6,10.7,2.7
TNFSF4,84.8,19.1,9.3
ATP13A3,77.7,20.8,11.5
SCARB2,92.7,5.0,1.7
SLC29A2,84.2,18.4,12.1
LYPD5,84.0,23.5,5.2
SIGLEC14,83.4,16.4,9.6
VSIG1,75.6,39.8,21.2
TMC7,77.4,24.2,12.4
OR7A5,85.9,12.2,5.0
TMPRSS11E,90.0,6.1,3.5
TM9SF4,85.6,11.4,3.4
TMEM63B,72.6,34.9,18.9
GPR34,77.5,27.0,20.2
CDHR2,80.5,15.7,11.4
TLR8,86.1,13.9,4.8
FRRS1,88.3,8.8,3.5
TCTN3,71.2,36.9,22.6
CASR,75.7,28.7,20.5
HFE,88.1,13.8,4.3
ULBP1,80.7,29.1,10.7
TMEM87A,71.7,34.1,21.8
APLP2,68.4,41.9,33.9
TNFSF8,78.9,28.6,14.5
PRLR,61.0,61.3,45.5
PANX2,57.2,67.1,46.5
GLIPR1,87.1,18.4,8.6
UPK3A,78.6,28.6,18.1
CHRNA6,79.5,22.5,19.4
IL13RA1,81.6,23.9,13.6
CD38,90.9,10.3,2.7
LMBR1,79.4,21.0,6.3
HLA-F,89.6,12.4,7.2
CLDN2,79.4,27.8,9.6
LDLRAD3,61.4,64.1,37.7
SLC45A4,65.8,45.2,41.1
FZD3,75.5,32.0,25.2
CEACAM21,85.2,22.2,7.8
HCAR3,79.2,22.0,19.1
FCER1A,84.4,23.0,5.4
IGF2R,73.1,27.5,9.7
ANKH,84.5,11.2,6.3
QSOX1,77.7,31.1,27.3
AMIGO2,75.1,31.2,26.8
CSPG5,51.9,82.3,67.5
EFNB2,70.8,47.4,32.1
AVPR1B,73.7,35.8,28.3
SIGLEC12,75.4,28.1,21.5
SLC34A1,72.1,33.2,23.8
TNFSF18,86.7,16.9,9.0
S1PR4,78.4,23.2,12.0
SIRPB1,85.1,18.6,9.3
CR2,74.9,27.4,6.3
CD84,74.6,39.7,26.1
VNN1,92.4,9.6,8.8
DUOXA1,82.5,21.0,17.5
LINGO1,86.1,18.2,15.6
ITM2B,75.4,33.5,20.3
GPR157,81.4,22.7,12.8
IL17RD,68.3,43.0,36.5
PDCD1,74.2,43.1,16.3
SEMA7A,89.1,14.6,8.1
TMEM106A,75.5,31.3,23.7
CRTAM,73.5,40.7,28.2
BTN3A3,82.8,20.5,11.3
ERVV-1,42.2,91.4,69.2
PTH2R,71.6,37.8,24.5
GPR25,82.4,20.5,14.1
GPR65,82.6,23.1,4.2
PCDH7,75.8,27.0,23.4
GPC6,82.0,23.6,18.7
SLC29A4,74.4,30.0,27.2
NOTCH3,61.4,60.1,25.0
KCNK5,69.0,43.9,33.1
ITGA11,85.3,10.7,4.3
MEP1A,84.5,16.2,12.1
TRGC2,82.0,24.9,15.3
LAMP1,86.4,14.4,5.8
SLC6A12,87.5,12.9,10.3
PTPRO,77.4,25.6,14.8
PROM1,85.5,9.9,7.9
ACVR1B,83.4,21.0,10.9
KITLG,71.9,42.9,18.7
SIGLEC9,73.4,37.1,23.1
SIGLEC8,73.8,34.5,28.9
ITGAX,88.0,9.4,3.4
TMEM161A,85.1,14.0,6.1
XCR1,84.9,15.6,10.8
NEO1,68.0,37.2,28.9
GJB6,82.2,18.0,9.6
VSIG10,77.1,28.5,23.1
CLDN6,80.2,23.6,12.7
ENTPD1,91.0,8.0,3.1
ANO7,77.7,20.9,15.8
PSCA,81.3,32.5,6.1
M6PR,84.8,20.2,2.9
TRAT1,63.8,66.1,25.8
TMEM219,67.9,52.5,18.8
FGFR4,73.6,32.9,24.4
HLA-DOB,87.1,19.8,5.5
SLC12A7,80.8,18.4,12.0
NRP2,78.6,27.0,18.6
SIDT1,80.3,21.8,13.4
HYAL2,91.0,11.0,7.8
MFSD12,84.7,15.6,10.0
TMEM9B,72.4,37.9,13.6
SEMA4F,82.9,19.2,14.0
HHLA2,80.9,25.6,15.7
CCR2,77.7,28.1,20.6
SLC2A9,82.7,14.1,12.0
TRIL,71.6,37.2,30.2
EDNRA,74.4,31.1,25.1
FZD1,78.2,27.8,19.6
GJA3,67.8,49.7,38.2
ITFG1,89.5,8.2,5.1
KIAA1549L,44.3,78.7,75.0
P2RY8,84.3,15.9,14.5
GPNMB,76.7,31.5,18.5
SLC19A1,72.1,34.3,31.5
LHFPL5,89.2,7.3,4.6
BTN3A1,89.6,6.2,0.2
OR2A7,79.3,25.2,2.9
EFNB3,67.8,53.5,32.6
CD163L1,72.9,33.4,13.0
LRFN1,69.7,42.4,34.8
TPBG,82.2,22.9,14.0
OXTR,78.6,28.3,17.0
MFSD2A,80.6,19.9,12.0
FCGR2B,78.4,36.8,21.3
TLR5,88.8,9.9,4.4
CD46,82.1,27.3,16.1
BTC,71.9,36.0,19.1
MME,96.2,3.2,2.0
TMEM217,71.7,38.4,21.0
LRRN1,82.0,20.3,15.2
BDKRB2,79.5,25.6,14.6
GPR180,81.2,19.3,8.6
RNF13,74.4,33.1,23.9
NCR3,83.6,25.9,4.0
ACVR2B,83.3,18.6,14.6
FPR1,83.8,18.0,8.6
CDH16,81.8,17.2,9.4
PLXNB2,82.5,14.2,4.4
SCN8A,68.4,38.6,25.5
MANSC1,56.6,67.7,59.4
PLXDC2,69.6,43.1,31.9
ABCC1,82.6,11.8,7.4
TXNDC15,64.2,54.2,42.8
MILR1,74.5,41.7,26.2
SLC46A1,83.1,14.8,6.5
SLC17A8,77.9,28.4,19.5
SLC22A11,87.6,8.9,0.5
SLC24A2,67.3,44.5,36.2
GRM5,71.1,36.8,33.0
GPR107,70.5,38.0,24.0
DGCR2,63.1,55.1,37.8
SLC38A9,76.5,27.3,15.9
AQP9,91.5,9.8,7.1
ABCA3,80.8,14.6,5.0
CLSTN3,77.3,26.9,19.4
PCDH12,65.9,45.4,41.6
UNC5A,77.4,26.0,19.8
P2RY2,78.9,28.9,20.2
TM4SF18,79.5,24.4,6.5
SLC1A1,80.2,22.5,14.9
EMP2,95.0,0.0,0.0
PTPRR,72.2,37.6,30.9
FCRL3,77.2,26.7,22.8
DCBLD1,67.6,45.7,40.1
PVR,84.9,19.9,11.8
ITGB5,82.2,15.8,6.3
PDCD1LG2,86.4,18.3,4.8
CD40LG,82.6,22.6,8.8
LYPD8,79.3,27.8,11.0
LTBR,66.6,51.7,37.0
TSPAN31,89.3,8.6,0.5
LILRB1,73.4,37.2,31.5
SYPL1,82.7,21.6,5.0
IL9R,63.1,55.7,41.8
MFSD6,65.7,47.0,43.4
S1PR5,77.7,29.6,21.6
SLAMF1,74.9,37.9,19.7
OR51B5,89.6,4.2,1.9
TMEM213,68.4,53.3,20.6
TNFRSF11A,58.9,64.9,55.0
SLC2A6,81.6,16.8,10.8
SDK2,72.8,27.1,14.4
ZPLD1,77.3,27.2,14.7
PCDHAC1,73.1,32.5,29.4
PSEN2,71.8,35.9,28.6
GPRC5D,76.0,32.2,22.6
SLC6A9,81.1,22.4,17.7
PCDHB8,81.0,19.0,16.1
MC4R,80.1,23.2,14.5
SLC26A2,80.9,18.0,13.1
ADORA1,92.4,8.0,0.3
CNNM3,66.7,43.1,31.1
CYSLTR1,85.7,18.4,7.1
SLC5A3,78.7,22.1,17.5
SPPL2A,79.4,23.5,11.2
SEMA5B,74.9,31.5,18.9
CD19,62.2,56.8,44.8
SLC5A12,85.0,14.6,8.6
LRP12,62.5,49.2,35.5
ICAM4,83.2,22.9,15.1
TMEM62,91.8,5.9,1.7
MFSD11,87.7,10.5,4.7
FFAR4,79.3,24.7,16.3
TLR10,83.2,15.4,7.8
MYOF,79.4,19.6,9.7
ROR2,68.3,40.2,32.4
GPR18,86.3,13.6,4.2
KCNS1,78.6,26.6,13.3
GPR183,86.5,13.6,5.0
P2RX3,88.4,9.6,6.3
GGT3P,94.3,2.8,0.5
ATP1A3,88.8,4.6,2.1
DLK2,73.8,35.0,30.8
NRROS,83.3,21.8,6.8
GJB7,83.3,18.4,4.9
TNFRSF13B,62.5,64.5,41.3
FLVCR2,80.6,21.7,16.9
CX3CL1,55.9,73.6,54.9
PODXL,52.9,76.9,60.0
IGF1R,78.0,24.8,15.7
PHEX,94.3,3.1,1.6
PCDHA12,74.2,31.9,27.1
TLR2,87.9,11.5,2.8
SPACA4,81.3,26.6,7.3
GRM4,83.7,14.7,9.4
MFAP3,61.4,60.2,38.7
GPR27,78.7,30.9,13.1
ELFN2,61.0,56.6,46.0
CLEC7A,77.6,35.6,23.1
S1PR2,82.6,21.0,13.3
CD109,81.3,15.4,8.0
PCDHAC2,71.9,37.0,31.4
FURIN,84.7,19.4,13.0
GPR161,68.6,46.5,29.9
LILRA5,80.2,26.1,17.7
LDLR,75.4,27.3,16.9
C5AR1,85.7,19.4,9.1
NT5E,91.9,9.1,7.3
SLC22A23,72.2,35.4,26.8
GPR68,80.4,22.7,16.4
CD58,83.0,22.4,7.6
KIRREL2,75.4,31.8,26.6
ASTN2,64.2,55.4,38.2
SLC5A5,81.3,20.4,16.3
HTR2B,71.5,40.1,31.6
ANTXR1,72.4,44.0,24.3
OPRL1,82.3,18.1,11.6
FCRL4,77.9,29.3,24.3
SLC16A4,79.7,20.1,17.0
NPY4R,80.3,24.5,17.1
CNTN5,82.6,14.1,11.5
GPR108,75.3,28.5,19.0
TMIGD2,68.9,58.5,24.8
GPR82,84.2,14.0,3.3
GPR3,81.8,22.1,13.6
SLC10A3,76.8,23.3,16.6
RNF149,74.3,38.2,22.8
VNN2,91.7,8.7,5.8
SPNS3,84.5,16.6,14.3
QRFPR,78.8,24.4,18.3
CALCR,78.7,25.1,13.5
PCDHB10,81.2,18.2,15.5
NPHS1,77.2,22.5,18.4
TMEM25,62.9,55.7,42.1
BMPR1A,82.6,21.2,10.0
IL13RA2,86.2,16.1,8.4
TRABD2A,68.8,40.4,34.3
CLEC12A,83.1,23.0,12.8
GABBR2,77.7,25.6,20.3
CRB2,76.4,23.8,9.2
TSPAN9,89.6,6.3,0.4
RNFT1,71.6,37.2,29.4
DCBLD2,67.7,46.8,42.2
QSOX2,79.3,25.6,21.1
TPBGL,80.3,28.3,12.8
GP1BB,88.0,18.9,1.0
KIR3DL2,74.9,36.3,25.1
ASIC1,83.8,16.7,13.4
SLC26A9,79.9,18.8,15.4
MRC2,77.0,25.5,13.3
ABCC11,78.9,17.9,11.0
GPR137,66.2,49.9,34.8
ADAM15,73.2,34.6,22.7
GRPR,78.5,25.0,20.8
GPR85,82.6,25.1,9.2
GPR174,84.1,19.5,3.0
ROBO2,67.4,43.6,40.3
SLC23A1,81.8,15.4,10.5
SLC12A2,73.1,30.6,26.1
STS,94.4,5.3,2.7
IFNGR1,66.0,54.4,41.7
SDK1,72.2,28.3,15.8
PCDHB2,81.4,18.3,15.0
TMPRSS6,84.5,11.7,6.3
ANO6,81.6,15.3,6.6
EFNB1,70.7,46.5,31.5
MLNR,77.2,27.2,22.8
TNFRSF1B,66.8,51.6,45.6
CLDN9,81.2,21.2,10.1
PLXND1,79.9,18.8,7.9
CD244,71.1,45.9,18.6
ENPEP,93.5,7.1,5.3
RNF167,78.4,29.7,21.1
GPR137C,66.6,46.2,36.6
PCDHA1,73.8,32.5,27.6
SEMA5A,77.6,25.4,13.6
KIR2DL4,70.0,41.9,32.4
FCRL2,80.7,25.0,19.7
SLCO5A1,70.4,40.0,32.1
PLVAP,81.7,18.3,10.9
OR7C1,87.6,11.2,2.5
TMEM67,84.7,12.0,3.3
TMEFF1,69.0,49.7,26.1
LRRC19,74.5,39.2,30.0
DRD5,69.1,43.2,34.8
FZD10,80.6,21.2,17.2
LMBRD2,76.7,26.2,15.4
CCR7,78.4,25.7,13.8
HEPHL1,89.5,9.2,6.1
BTLA,67.2,56.7,28.7
LYSMD3,63.3,62.1,33.0
KLRC2,73.5,40.7,32.0
TIMD4,63.4,59.5,41.5
FCGR3B,88.6,15.9,4.3
CD274,88.3,15.5,1.7
IL31RA,74.0,32.1,24.7
LILRA2,86.1,12.4,9.9
BMPR2,57.4,62.4,57.0
SLC12A9,81.3,18.2,9.8
LRFN3,77.4,29.0,21.3
CLEC17A,70.2,47.1,39.2
KIAA0319,70.8,35.4,29.9
SEMA4G,79.8,26.3,20.2
DAGLB,72.5,36.6,20.2
TGOLN2,49.2,91.8,67.5
SLC15A2,84.1,12.6,7.7
NMUR2,80.0,25.5,13.7
ABCB9,85.4,8.4,6.0
OR51E1,88.5,6.9,3.8
EFNA5,78.5,27.6,18.9
IL10RA,62.0,58.1,53.6
GPA33,85.0,21.6,9.7
FAM171B,56.9,66.0,56.1
TREML2,64.2,59.5,40.2
PRRT3,51.9,76.8,68.5
NPFFR2,69.4,40.6,34.5
ACE2,90.7,7.8,4.8
SERINC3,76.3,30.7,20.7
PCDHB16,82.6,16.0,13.4
TLR6,85.8,10.7,5.0
SLC22A2,83.0,12.3,5.4
FZD8,74.5,35.4,24.8
ABCG5,85.0,13.7,6.5
SLC4A8,72.4,31.6,20.3
FAM174A,59.0,81.1,23.2
OPRD1,80.0,21.2,18.3
SLC44A2,83.5,11.5,3.1
CD226,82.7,22.3,6.0
CNNM2,70.4,37.3,27.4
MCHR1,84.4,16.1,9.3
SLC6A20,93.1,2.0,0.5
CD55,78.3,33.6,28.9
FFAR2,88.1,13.6,7.3
PTPRA,81.5,23.1,21.8
VSTM1,76.2,39.4,19.5
LRFN4,77.3,29.6,22.5
LPAR6,84.4,14.2,1.7
TPRA1,73.1,34.0,28.2
SLC41A3,79.0,21.9,15.6
LY6H,75.8,36.4,4.3
CHRNB2,80.3,23.5,14.5
CDH17,86.7,8.7,6.1
GALR3,81.0,20.9,15.5
UMODL1,69.1,35.5,24.7
RYK,79.7,24.7,21.3
GRIN1,82.9,17.0,9.3
FAM171A1,57.1,67.4,56.7
RNF130,74.0,32.7,23.4
NRP1,79.1,23.2,17.4
HEG1,42.2,82.7,77.9
RXFP1,81.1,17.6,11.4
IGDCC3,74.4,29.4,25.7
GRAMD1B,67.5,44.6,38.5
HTR3A,82.6,18.0,10.3
CRLF2,77.2,30.2,21.8
CHRNB1,79.5,23.0,15.6
CYSLTR2,84.5,18.5,11.0
PCDHGB1,74.9,29.4,26.2
NPTN,86.5,17.3,10.3
FCRL6,76.2,32.9,28.3
GPR31,83.2,14.7,6.0
CD200R1,74.5,40.2,24.7
SLC12A3,80.7,16.9,12.1
SLC7A4,80.8,16.1,12.3
HEPACAM2,78.6,29.4,20.6
KCNA3,72.0,39.7,34.1
CLCA2,86.6,13.1,7.0
RXFP4,81.3,23.5,12.0
PCDHA4,73.8,32.6,27.8
ADIPOR2,82.5,23.6,19.2
IL23R,68.2,46.9,37.0
LILRA1,83.9,16.2,11.7
ALPL,93.3,8.2,6.3
NPFFR1,77.6,28.8,25.6
ITGAD,85.5,10.7,4.8
CDH8,77.3,26.5,20.3
PLXNA1,84.8,11.9,5.6
RET,78.8,22.7,18.8
TMEM140,87.1,10.8,5.4
TMEM116,73.6,32.2,15.5
TMEM178B,75.4,32.7,18.4
PTPRU,81.5,16.8,12.0
MYADM,85.7,13.0,8.4
ELFN1,61.8,58.0,43.4
IL17RE,68.6,38.7,29.1
LMBRD1,83.8,13.0,3.5
FCGRT,85.0,19.2,14.0
SLC39A2,82.5,19.4,11.0
SLC11A2,80.6,16.5,13.7
PTPRN,65.5,48.6,39.8
TM4SF4,76.7,28.2,13.4
PTCHD4,82.3,18.3,4.8
KLRC1,75.6,39.5,23.2
MS4A1,70.5,44.8,25.3
SIGIRR,75.2,32.9,16.6
BTN2A2,86.0,13.6,6.9
CNR2,84.5,17.8,11.4
HLA-E,87.0,16.5,11.5
LGR4,78.8,25.2,20.8
LHFPL1,89.7,9.5,0.9
EPHA8,80.2,20.5,14.0
CCR3,83.4,16.3,13.2
CSF2RB,64.0,50.4,46.3
LRFN2,69.3,43.2,35.7
IL1RAPL2,75.2,27.6,22.3
SSTR3,74.6,33.3,24.4
GPR37L1,67.8,44.1,30.8
DPEP2,82.7,26.1,22.0
DUOX2,84.0,14.4,7.6
CPM,90.3,12.0,7.9
RELT,62.8,62.3,41.6
GPR153,65.1,53.0,46.0
EGF,70.3,35.6,22.7
SLC16A6,76.4,27.3,22.0
F2RL3,80.2,23.1,18.7
SLC22A5,86.5,9.0,5.2
LINGO4,85.5,15.3,12.8
RAET1G,70.0,45.5,34.4
CD300E,77.8,33.2,15.6
ABCA4,75.7,23.3,8.0
SLC2A5,90.6,6.4,2.2
SLC28A1,82.3,16.5,10.8
TMEM145,78.5,26.6,17.6
OTOA,84.0,12.4,7.9
DUOX1,85.6,13.3,7.9
AQP5,94.3,8.3,0.4
FZD7,83.2,19.0,13.8
TMEM235,80.9,25.6,9.9
OR1E1,88.5,8.6,2.2
FGFR2,73.9,32.8,25.5
CDH9,77.9,25.3,20.2
PCDHA10,73.3,32.8,27.8
OR5B3,86.5,10.2,1.3
GPR119,86.7,12.2,6.0
SLC46A2,80.6,22.5,17.5
FCRL1,75.7,37.1,27.0
CHRNB3,83.3,15.5,9.8
PROKR2,78.3,24.0,18.5
SLC32A1,78.1,26.5,19.6
OR10R2,82.6,17.3,10.4
OR5M11,87.8,7.2,1.3
LRTM1,81.4,26.4,21.2
OR2T35,88.8,8.4,2.8
CD59,79.3,32.0,7.0
MRGPRD,85.4,14.3,5.0
PLET1,76.2,36.7,17.9
OR13J1,82.4,17.0,2.9
OR10AD1,80.4,22.1,2.8
SLC6A19,90.0,4.7,3.2
OR9G1,85.9,8.5,1.6
CMKLR1,79.0,29.0,18.5
SLC34A3,75.8,30.4,15.9
CDH15,78.4,26.0,19.3
OR51G1,87.7,10.9,2.8
UNC5D,74.6,29.5,24.6
SPRN,53.8,85.4,47.7
MC2R,85.4,10.8,6.1
OR4D11,86.7,6.1,2.3
VSTM5,88.2,13.0,0.5
SLCO1B1,80.3,22.1,13.9
CFC1,64.1,59.2,36.8
OR4A47,91.8,3.6,1.0
DPEP3,83.7,24.2,18.0
OR5K2,88.9,7.6,1.3
PRLHR,80.6,19.7,16.2
OR56A3,85.0,9.8,3.8
OR4C11,90.0,5.8,1.0
C11orf87,57.9,83.2,37.6
ADCY7,77.3,26.5,13.1
OR13G1,86.5,8.8,0.7
OR2T6,88.3,4.2,2.6
OR4S2,88.3,5.8,1.3
OR9I1,89.6,6.7,1.0
SLC22A4,85.2,11.1,5.4
OR52B4,87.5,7.0,1.9
OR52Z1,87.0,9.7,1.0
TMEM245,68.9,38.3,20.9
OR10AG1,91.4,2.7,0.0
OR11H7,90.6,4.8,1.9
PCDHB13,81.2,18.4,15.8
OR6C3,91.2,3.5,0.6
MC3R,83.9,17.0,11.1
DYNAP,60.0,81.9,24.8
OR5L2,89.4,6.4,1.9
OR11H1,81.3,17.8,8.0
OR2AJ1,86.2,11.3,4.0
OR6B3,82.3,19.9,6.6
OR6J1,86.5,8.9,5.2
ASGR2,78.7,28.9,16.1
KIR3DL3,80.3,25.1,17.1
OR5AR1,90.9,5.8,1.6
OR11G2,81.6,16.5,13.0
HRH4,76.3,27.7,19.5
TMEM225,76.0,32.4,20.0
GPR33,87.6,14.1,0.0
SV2C,78.0,25.2,12.1
PCDHA9,73.2,33.6,28.9
GPR176,66.5,46.8,32.8
TMIGD1,87.8,14.1,1.9
GALR2,77.9,28.7,23.8
ZP2,71.6,35.4,21.1
OR5H14,89.4,6.5,1.9
OR5AN1,89.1,6.4,1.9
CATSPERG,83.9,13.1,7.2
SLC36A1,84.9,14.1,12.0
SLC38A5,80.0,19.3,14.6
KCNG4,77.9,24.5,15.4
NAGPA,82.2,23.3,14.4
OR4F15,88.1,5.4,1.0
CHRNG,81.3,20.1,8.9
LRIT3,69.6,41.2,32.8
MRGPRX1,82.8,21.7,9.0
OR52D1,88.3,8.5,2.5
OR6C74,87.6,8.3,1.6
NMBR,79.3,25.1,20.8
GLRA1,84.0,17.5,9.4
OR13C6P,76.6,33.8,7.9
MTNR1B,84.0,20.4,14.9
OR1E3,76.5,30.3,15.2
OR1G1,84.0,12.5,2.9
SLC20A2,72.6,35.3,31.0
PCDHA7,74.4,32.0,26.9
GNRHR,84.2,18.9,6.7
OR8K1,88.3,8.8,4.4
MAS1L,66.9,47.1,27.0
TAS2R16,82.5,15.1,0.3
OR51B6,89.6,4.2,2.9
OR2C3,86.7,11.2,4.4
OR4A4P,90.3,2.0,1.0
OR14C36,86.8,9.0,1.3
OR2J1,89.4,6.7,3.5
OR1N2,88.4,10.1,5.1
OR4C15,90.2,4.4,0.6
CLDN20,82.2,21.5,12.8
CD69,82.1,28.6,18.1
OR5T1,87.2,11.0,3.1
OR2J2,89.3,7.4,3.8
GABRA6,82.1,21.0,15.0
OR4F21,90.1,4.8,1.0
OR2F2,88.8,5.7,1.9
OR5V1,85.6,13.1,3.7
OR2Y1,89.5,6.8,2.9
OR1D4,81.2,23.2,7.7
ATP1B4,81.8,21.0,10.4
ALPI,93.1,8.9,7.6
CD40,81.2,31.0,13.0
OR56A5,87.7,3.5,2.6
OR6K2,88.2,7.7,3.4
OR6X1,86.5,9.9,2.9
OR10C1,86.8,6.7,2.2
OR52E2,86.3,10.8,0.6
ECE1,90.9,8.8,7.4
OR5H1,87.7,10.2,4.2
OR7A17,85.4,13.6,3.6
OR5L1,89.2,6.4,1.3
OR52L2P,86.2,11.6,4.7
OR51A2,87.5,5.8,2.9
OR5C1,87.0,7.5,3.8
OR52E4,89.0,3.2,1.3
LY6G6D,66.2,54.9,7.5
OR4K3,84.7,9.2,2.2
VN1R3,79.1,28.0,6.1
HCRTR2,79.0,31.3,16.4
TMEM114,82.1,22.9,7.6
OR6P1,85.6,11.7,6.0
OR10G8,88.2,7.4,1.3
OR10J6P,84.6,11.6,3.6
PROCR,86.5,18.5,11.8
RAET1E,81.6,22.8,13.3
OR51F2,86.1,8.5,5.8
OR10K1,88.2,7.7,1.9
OR2A5,88.4,5.8,1.3
OR8K5,89.4,6.8,2.6
PCDHA8,73.4,32.8,28.4
OR5M3,92.3,2.3,1.0
THSD7B,67.1,45.4,13.9
PCDHA13,73.3,33.1,28.3
OR2T4,84.1,14.9,13.5
ZNRF4,66.4,52.4,33.3
OR2L2,90.2,5.1,2.6
OR6C68,86.8,10.3,1.9
OPRM1,76.6,30.8,17.8
OR8B12,88.8,7.7,1.9
OR2M7,85.3,11.2,3.5
TAS1R3,87.0,9.7,4.8
GHSR,81.6,21.9,10.4
OR4A16,85.9,7.9,2.4
OR51J1,65.1,56.0,29.1
OR4E2,88.6,6.1,1.3
OR52A1,90.1,5.1,1.0
OR9Q1,84.6,11.9,2.6
DSCAM,69.6,31.7,22.4
TYR,89.9,10.8,8.3
OR1D2,86.3,11.9,2.6
GRIN3A,73.1,33.2,20.0
PRTG,73.8,29.6,21.9
CCR9,83.5,14.1,9.8
OR10A4,88.7,5.7,1.6
SLC5A2,83.8,14.4,7.4
ADAM29,77.1,27.7,20.7
GPR142,63.7,51.3,37.9
KDR,71.1,33.1,25.5
RELL1,60.3,76.4,33.6
OR4C3,89.8,4.0,1.0
TAS2R10,87.2,10.4,2.0
OR4C46,88.4,3.9,1.6
LRRC52,87.0,18.5,4.8
PRSS41,82.7,21.4,11.0
OR2G3,90.7,5.2,2.6
KLRC3,71.0,43.8,25.0
OR2AG2,86.8,5.1,3.2
OR1S1,86.3,11.7,5.5
OR2J3,88.4,7.1,3.5
LIM2,90.3,5.2,0.0
OR52E5,83.3,10.4,5.8
ROS1,72.2,31.2,14.4
OR8D2,88.3,6.8,2.9
LRTM2,79.9,31.1,20.8
OR10J5,86.2,7.8,2.3
OR2L3,91.5,2.9,1.6
OR51B2,89.2,3.5,1.0
RRH,85.7,14.2,11.0
PCDHA6,73.7,32.7,28.3
OR6B1,87.2,8.7,3.5
SLC16A5,80.5,21.6,18.2
OR5AP2,88.3,6.3,3.8
KIR2DL1,75.2,37.1,24.7
CLDN22,86.6,13.6,4.1
OR9A4,85.4,10.5,2.5
IL5RA,83.8,22.6,15.2
HCRTR1,78.8,28.5,19.1
OR51I2,90.9,3.2,1.3
SSTR4,77.6,28.1,23.7
OR4K15,83.2,12.0,1.5
OR4D10,90.1,2.9,1.0
OR52J3,88.1,8.0,1.6
CLRN2,91.3,8.2,0.9
BTN1A1,84.2,18.1,11.8
FPR2,84.8,15.7,12.0
HTR6,72.6,39.5,25.9
OR2B3,86.1,7.7,2.6
MSLNL,74.3,29.2,24.8
SLCO2B1,78.3,26.1,16.9
TSHR,74.0,32.5,21.2
OR6M1,91.0,4.8,1.0
OR52W1,87.8,7.5,3.4
OR6S1,86.2,9.1,2.4
OR10G3,87.7,8.9,3.5
OR7G2,85.8,9.0,4.9
OR9A2,85.3,11.9,2.3
OR4D2,89.8,3.6,2.3
OR4N4,86.4,5.7,1.6
OR51F1,86.6,6.9,4.7
OR2L5,90.7,3.8,2.2
EQTN,58.9,71.1,40.5
SLC37A3,84.4,16.8,10.1
OR3A2,85.3,12.1,6.9
OR5A1,88.2,8.9,3.2
SIGLEC5,77.7,27.4,19.4
NPSR1,81.4,25.1,12.9
RXFP2,81.0,22.7,9.5
OR52N1,89.2,5.9,2.2
OR10D4P,90.6,6.4,2.7
SLC22A25,87.8,8.6,2.6
OR7C2,88.5,7.8,2.2
OR2W6P,86.8,9.4,3.5
OR4N5,88.1,4.9,1.3
OR7A10,87.9,13.3,3.2
AQP10,91.3,12.3,6.0
JAG2,72.6,32.6,14.9
OR2L8,91.0,4.8,1.9
OR10Z1,85.9,15.7,3.8
SLC6A6,86.8,15.2,7.6
OR13C5,77.5,29.9,6.3
OR1K1,85.5,9.8,5.1
OR8B4,89.8,6.5,1.3
ENPP1,90.7,10.7,8.9
FSHR,81.8,21.3,12.5
ABCB4,83.2,11.7,8.9
GPR15,81.8,21.9,12.5
OR4K5,85.5,9.3,2.5
SLC6A8,84.6,16.7,11.8
OR10A6,86.5,6.1,1.9
OR51D1,85.3,13.6,3.7
OR6T1,76.4,29.1,8.4
OR2AP1,89.3,6.1,1.0
OR2L13,90.2,5.1,3.2
SLCO6A1,76.7,28.4,20.9
HTR3D,63.4,58.6,26.2
OR5A2,87.5,8.0,6.8
XKR3,76.9,27.7,18.1
OR6V1,87.0,8.0,0.3
OR4C6,90.2,2.3,1.0
LRP6,79.2,21.1,17.0
ERVV-2,46.1,86.0,60.0
TAAR8,91.2,4.4,1.5
OR9Q2,85.2,8.6,2.2
OR10A5,89.1,5.4,1.9
OR1L6,85.6,11.2,3.5
SLC17A1,86.7,11.3,4.3
IMPG2,53.6,65.7,58.2
OR5M9,89.9,2.9,1.6
MANSC4,62.8,59.1,43.5
FAM187B,86.4,12.7,7.6
PCDHB14,81.6,18.0,15.5
MAS1,83.5,18.8,11.1
OR8H3,88.2,7.7,2.9
OTOP1,75.7,31.9,23.0
OR14K1,83.5,15.9,2.2
OR10G2,87.3,10.0,2.6
OR5H15,88.9,8.0,2.9
TP53I13,60.7,66.9,36.6
OR2AK2,87.1,13.7,5.1
PKD1L3,64.8,45.7,27.1
NTSR1,79.6,26.6,20.8
CLEC12B,86.9,13.8,8.3
OR5W2,91.0,4.5,1.0
CDH6,78.7,24.7,18.0
OR2T7,84.2,10.1,2.3
GLRB,78.0,23.1,19.9
OR52I1,85.5,15.1,4.0
OR4D6,88.5,6.1,2.5
OR5M8,90.0,3.2,1.0
MIP,91.0,9.5,7.6
TRPV5,82.5,17.0,13.2
OR2T2,88.1,8.6,4.0
GPR21,83.1,18.6,6.6
GP6,76.0,38.1,24.5
SPAM1,88.2,14.5,10.6
GPR139,77.8,26.9,17.0
OR4L1,85.5,9.6,2.2
SGCZ,80.5,17.4,10.4
OR4D9,88.7,4.1,1.0
GPR42,87.0,14.7,7.5
CLEC1B,88.2,13.5,4.8
OR10H1,87.8,9.7,3.8
RHO,88.7,9.8,4.9
OPN5,84.0,17.8,12.7
OR4F3,90.0,4.5,1.0
OR52E6,80.9,16.9,3.5
CEACAM20,74.0,33.6,31.0
OR56A4,86.4,9.3,1.9
OR10H4,86.9,8.2,1.9
CNTNAP5,84.0,13.5,9.3
OR52L1,85.3,12.2,5.5
OR4K17,86.6,9.9,1.9
GYPA,59.4,75.3,37.3
SLC22A8,86.0,11.3,5.4
IL12RB2,73.0,32.1,22.9
GML,76.3,37.3,2.5
ABCC12,77.8,18.6,10.9
GRM6,85.6,11.3,7.2
OR4K14,85.9,14.2,2.3
TRPV2,78.4,22.1,13.2
OR13H1,87.3,7.8,2.9
OR2M5,85.4,12.2,3.8
SLC22A14,81.2,19.4,12.5
OR8J2,89.2,6.7,1.3
TAAR1,90.1,8.6,2.4
OR5P3,87.1,8.4,3.2
OR52M1,88.4,6.3,2.5
TAS2R8,81.8,16.2,2.9
OR3A1,86.8,10.2,4.8
ITGAM,86.3,9.1,3.5
OR1S2,86.4,9.2,0.3
OR52E1,86.5,5.2,0.6
OR1A1,89.2,6.1,2.6
IL17RA,68.9,43.1,34.9
OTOP2,78.0,25.8,16.0
CHRM5,68.6,42.1,38.0
GRM1,70.9,36.1,33.3
SLC18A3,76.2,28.2,20.3
CD160,75.2,39.2,20.4
OR9K2,86.8,11.0,9.9
KLRF2,82.4,27.1,13.5
OR13D1,80.9,20.2,11.3
OR2B2,79.8,22.1,6.2
AREG,67.7,60.7,21.8
PTCHD3,81.5,17.2,12.4
MPL,72.7,33.7,23.0
SLC13A1,82.0,17.1,9.6
OR51I1,88.7,10.2,2.5
TAS2R3,87.0,9.2,2.8
OR5AK2,84.3,12.6,2.3
OR2A14,83.9,16.5,2.9
SLC15A5,76.3,33.0,14.2
CHRM4,75.4,37.4,23.8
OR4N2,87.5,3.6,2.0
OR4B1,87.0,6.1,1.6
IZUMO3,87.0,10.9,2.5
OR12D2,85.5,12.7,1.0
OR1J1,87.7,12.4,2.8
OR9G4,86.0,11.9,7.3
CLDN24,85.3,17.3,13.2
MCHR2,88.9,7.1,0.9
OR2T11,88.6,3.8,1.3
KLRK1,79.2,30.6,22.2
TAAR2,88.2,10.5,5.1
NCR1,83.9,25.3,13.2
OR2A4,79.3,24.2,3.2
OR2V2,82.4,15.9,3.5
OR4S1,88.8,4.2,1.3
ADAM20,83.0,17.8,6.3
OR2B11,88.5,6.3,2.8
OR51Q1,86.0,9.8,4.7
CXCR2,79.6,23.9,11.4
AMIGO3,73.5,34.1,25.0
OR7E24,85.2,13.3,8.8
OR51V1,87.5,11.5,5.9
OR5B17,85.0,12.1,1.9
OR1E2,85.9,12.4,6.8
OR2H2,89.1,5.4,3.5
OR10X1,86.8,12.0,7.4
OR8I2,89.9,6.8,1.6
OR51G2,87.3,6.4,4.1
ASIC5,84.5,15.2,6.7
OR5AS1,88.2,8.0,1.5
OR2T8,88.7,7.1,1.3
INSR,77.6,25.9,16.4
OR2A1,86.5,9.0,2.6
SLC17A6,78.2,27.1,18.7
SPACA1,71.0,44.6,31.0
OR5B2,90.2,6.1,1.0
OR10K2,87.5,7.7,1.9
OR5AK3P,87.9,7.4,3.0
GPR101,68.8,41.1,31.7
OR1J4,87.4,9.3,3.5
OR8A1,87.0,13.8,7.1
GPR156,55.5,67.0,55.4
OR4K1,83.9,17.0,1.3
CCKAR,77.7,29.4,23.8
HTR1A,77.8,27.7,22.7
OR5AU1,79.9,22.4,16.3
OR14A2,87.0,8.9,1.6
OR2T3,88.2,5.0,3.8
OR4D1,89.5,3.5,1.3
OR5D13,88.7,8.6,3.8
OR13C3,77.8,29.1,15.0
OR2A12,86.6,6.1,1.6
NRG1,56.7,70.5,61.6
SIGLECL1,83.2,20.3,12.7
GPRC6A,84.1,16.4,7.8
ADAM18,78.4,24.9,14.2
OR2F1,88.4,6.0,2.2
GABRR1,74.0,31.7,26.7
OR7D4,87.8,8.7,2.2
OR2T1,80.2,21.1,14.4
SLC10A2,82.7,17.8,8.6
SLC24A5,76.4,27.8,19.4
OR14I1,82.8,19.0,2.3
OR14A16,89.0,4.9,1.3
TAS2R7,84.8,15.7,0.0
GPR32P1,79.0,23.2,12.9
OR1F2P,83.7,14.1,2.2
TAS1R2,86.0,11.6,3.0
OR2G6,88.6,7.3,3.5
OR2C1,82.5,18.3,6.1
OR8J3,89.6,7.6,1.0
ADRB3,78.9,29.2,20.8
OR11H12,78.9,25.8,8.3
GABRR2,76.6,28.0,20.9
OR4F4,91.1,3.3,0.7
OR5I1,89.3,3.5,1.6
OR5P2,79.2,23.9,5.3
OR10H5,88.1,7.3,2.5
GLP1R,81.5,17.3,11.4
DSG3,65.3,48.1,39.4
OR1A2,88.5,4.5,2.9
CLEC9A,84.1,18.7,11.2
CD200,86.6,16.2,3.6
UMOD,82.9,16.2,9.2
OR5AL1,79.7,24.9,9.4
OR13A1,85.6,12.8,7.0
OR5J2,83.6,13.1,1.9
OPN1MW,82.9,17.6,15.1
OR1D5,81.3,22.8,9.3
MRGPRX3,82.0,22.0,12.1
HTR1F,83.4,16.4,6.8
OR2D2,87.5,4.2,1.6
OR2T27,88.7,6.0,3.8
ADAM7,74.9,30.2,21.0
OR56B4,80.9,21.9,6.3
SIGLEC1,76.6,22.9,7.4
GPR55,87.4,9.4,2.2
AGTR2,82.0,25.1,9.6
SLCO1B7,82.3,20.8,11.7
HTR3C,80.4,20.4,15.0
PKDREJ,70.7,34.7,16.7
EPGN,67.0,50.0,22.1
CACNG3,68.1,50.8,28.6
OR52N5,85.5,11.4,5.2
OR2W1,88.5,5.3,2.5
ERVFRD-1,60.8,69.0,22.5
OR10G4,87.9,8.4,1.9
OR56A1,84.5,18.2,3.5
SLC6A18,90.5,7.2,5.6
OR5T3,85.7,11.8,2.1
OR5F1,89.2,7.6,1.9
OR5M10,89.0,6.7,3.8
OR8G1,90.5,5.8,1.9
OR4F5,90.4,3.3,0.7
OR7G1,89.4,4.8,1.6
OR5D14,89.3,6.4,3.8
GLRA3,84.4,17.7,9.3
OR10G9,87.3,8.4,1.0
SLC2A7,87.9,9.2,7.0
OR4Q2,87.8,5.4,3.5
OR4F6,87.5,5.4,1.3
OR10W1,85.9,7.2,0.7
TLR9,86.7,12.2,6.2
GP1BA,64.3,55.5,47.1
ALK,68.2,42.4,27.1
OR5AC2,89.8,5.8,1.9
OR6Q1,86.7,12.0,4.1
GJD2,72.4,34.6,24.0
HTR3B,81.7,19.7,12.2
OR1J2,88.2,8.6,2.9
ABCB5,85.0,10.4,6.4
LPAR4,82.6,19.7,15.7
OR2V1,86.1,10.2,3.2
OR2H1,86.2,12.3,3.8
TRPV6,80.6,21.7,15.8
OR5K4,87.1,10.6,3.1
OR5G3,89.1,8.0,2.5
ART1,84.7,24.5,8.3
OR1L8,86.5,7.4,2.6
OR11H2,85.5,11.7,6.7
KCNV2,75.4,28.1,20.6
SLC26A8,68.6,41.3,32.9
LY6G6F,76.9,31.6,19.2
OR2T33,88.7,6.6,1.9
OR51M1,86.5,8.6,6.7
SLC6A5,73.4,32.9,26.0
GPR50,66.2,48.5,42.5
TMEM95,81.7,18.2,7.4
OR10G7,87.1,10.0,2.9
MEP1B,89.8,10.1,6.4
OR6K6,83.4,14.9,10.2
OR2G2,82.4,16.4,5.0
OR8D4,90.4,5.4,1.3
OR2A25,84.8,11.9,2.6
VN1R2,66.8,47.3,26.8
CD33,77.4,34.9,23.4
FGFRL1,71.3,40.5,25.4
OR11L1,88.5,8.1,1.9
OR10J4,82.7,17.4,3.5
OR6C6,89.7,5.4,2.2
HTR1E,78.5,28.8,17.3
SDC2,60.9,76.1,31.8
CDH24,76.2,31.1,23.4
DSG4,65.0,47.9,38.4
VN1R4,77.9,21.6,7.6
OR5D16,84.7,13.4,7.3
OR2M3,85.1,11.9,3.8
SLC9A6,70.6,36.8,22.8
OR1Q1,88.0,9.9,1.9
OR10J3,75.0,29.5,21.9
OR1C1,87.7,9.2,3.2
KCNMB2,85.5,7.7,2.1
OR10P1,88.2,5.8,1.9
SLC13A3,81.7,17.8,13.1
LRIT1,73.4,32.9,26.5
IGSF5,65.7,52.1,44.7
OR8K3,89.3,5.1,1.3
GPR149,54.0,67.2,60.7
GUCY2C,80.0,21.1,8.4
SLC4A10,71.2,33.5,22.9
SPPL2C,67.1,43.1,32.5
KIR2DS4,81.8,25.0,14.5
OR10G6,85.4,12.7,6.6
OR2AE1,86.3,12.1,2.5
OR4E1,87.1,7.6,5.1
OR7G3,87.5,8.7,3.5
TARM1,84.4,20.3,6.6
KIR3DL1,75.6,34.5,24.8
VSIG2,80.2,30.0,17.1
OR2T10,88.5,6.4,3.2
OR52R1,85.3,6.0,3.5
OR8D1,90.9,5.2,2.3
OR6N2,89.3,8.2,4.1
LYPD4,84.7,17.9,9.8
OR2M4,86.5,9.6,2.6
CHRNA7,78.3,23.3,15.9
AQP2,91.7,11.1,2.2
OR2AT4,89.8,6.6,2.8
UPK1A,86.4,8.5,2.3
OR52N2,89.7,7.8,4.0
OR52N4,89.6,6.2,4.4
CD200R1L,83.1,20.3,10.0
OR5D18,88.5,7.7,1.9
PTPRG,71.6,35.4,31.8
RXFP3,73.0,37.3,32.8
OR4C45,88.0,2.0,0.3
HTR2C,73.6,37.8,27.7
OR51L1,89.7,5.1,2.9
OR10V1,88.5,5.2,2.3
OR2AG1,85.5,7.3,4.7
ENTPD3,90.8,7.6,3.6
OR7A2P,84.2,16.1,3.2
OR13C2,83.8,16.0,5.0
OR12D3,81.9,19.0,2.2
OR4M1,89.7,3.5,1.0
DISP1,64.9,44.7,38.9
IZUMO1R,87.3,20.0,8.4
OR4Q3,87.8,8.6,3.8
EMP1,90.7,2.5,0.0
OR4F17,89.4,4.6,0.7
ADAM2,81.4,19.3,12.0
TAS2R9,82.8,17.9,3.5
MDGA2,84.8,12.9,7.0
OR52I2,83.2,16.0,3.4
OR4M2,86.1,7.7,1.3
OR56B1,83.5,16.4,4.0
OR2K2,87.1,8.9,3.2
TAAR9,90.4,5.5,3.7
CATSPERD,86.2,12.5,6.1
OPN1SW,86.9,13.0,7.0
MYADML2,86.4,12.7,4.6
PCDHGA8,73.6,31.3,27.0
OR13C8,83.7,19.4,5.3
OR51A7,90.1,8.0,2.2
OR4D5,87.0,7.5,4.7
OR4C13,88.2,4.2,1.3
GPR32,80.8,24.4,11.5
NCR2,74.3,44.9,19.2
OR6N1,91.3,4.5,1.6
TM4SF5,86.0,11.7,3.6
OR3A3,86.2,10.9,6.5
CACNG5,73.1,38.2,22.2
OR8B8,89.9,7.4,2.3
OR11H4,87.6,9.9,4.6
SCN10A,67.3,40.8,25.0
TAS2R19,85.0,12.0,0.7
P2RY4,82.6,20.5,17.0
OR6C4,89.5,6.8,1.6
OR1F1,85.9,11.9,2.2
OR10H2,88.0,10.5,3.2
GRIK4,78.4,24.0,13.7
OR3A4P,74.8,25.9,16.1
OR13F1,87.1,9.4,1.9
GPR45,83.3,19.6,11.8
OR4P4,91.5,5.8,1.0
CDH2,79.4,24.8,17.3
TEX101,81.5,29.3,13.3
LRRN2,81.9,19.2,15.1
OR1P1,82.7,13.3,7.9
OR1I1,83.4,17.5,9.3
OR6C2,90.2,6.1,1.0
OPN4,74.3,38.3,29.5
OR51S1,84.9,16.1,4.0
OR51T1,86.5,8.0,7.0
OR11A1,86.3,8.3,2.9
OR4K13,84.2,13.2,2.6
SIGLEC16,83.0,17.5,6.2
SLC2A2,86.6,12.4,9.2
TRHR,79.6,24.6,19.3
OR8J1,89.3,8.5,2.2
OR6K3,87.6,11.2,6.3
OR2D3,86.9,11.5,7.0
MC5R,82.6,18.8,12.6
CACNG2,66.6,52.6,31.6
OR8G5,83.6,16.2,12.4
GPR179,42.8,79.7,74.4
OR10A2,86.3,8.3,0.3
OR13C4,84.0,15.1,5.7
OR4C12,90.2,2.3,0.6
OR5T2,80.6,21.4,8.6
OR51B4,88.3,5.2,1.9
OR2S2,83.5,19.4,6.6
TACR3,72.8,35.5,32.5
GDPD2,90.4,6.5,1.9
OR6C1,90.4,4.5,1.0
TMPRSS15,81.5,14.0,5.7
NPBWR2,82.9,14.4,11.1
OR6F1,88.1,8.4,2.9
GPR6,77.6,28.5,22.7
OR52H1,86.9,8.9,2.9
OR6C76,90.0,7.1,1.0
MMP16,76.7,30.3,18.5
OR6Y1,86.2,12.6,7.4
KCNK18,69.8,42.4,24.5
ERVFC1,65.2,58.6,22.3
MFRP,72.5,35.4,20.6
PCDHA5,74.3,31.8,26.8
OR5M1,89.8,5.4,3.2
PCDHGA1,74.8,31.5,24.8
OR6C70,89.4,7.1,1.9
SLC22A16,84.9,13.2,6.9
PCDHB11,82.0,17.2,15.3
OR1M1,89.2,6.7,2.2
OR4C16,86.4,6.8,1.0
OR2T34,87.7,5.0,3.8
OR11H6,86.8,10.9,7.6
OR1L3,88.7,7.4,1.9
GLRA2,83.8,18.4,12.2
OR1L1,81.4,20.0,15.3
GPR150,70.8,45.2,24.7
OR5B12,89.5,7.6,1.9
OR52B2,86.8,8.4,2.8
FFAR3,86.4,15.0,8.7
OR52B6,86.8,8.7,6.0
OR2Z1,85.2,11.1,3.8
RAMP2,80.9,33.1,10.9
OR5B21,88.9,6.5,0.6
OR6B2,85.0,13.5,3.8
CLRN1,90.8,11.2,0.0
SLC39A14,73.6,33.7,22.2
OR10A3,88.3,5.7,2.2
MRGPRG,86.1,8.3,5.5
OR2T5,89.7,6.0,4.4
TAS2R38,82.2,15.9,5.4
TMX4,72.4,43.0,24.4
OR8H2,88.4,8.0,2.6
HTR5A,79.6,23.8,15.7
DAGLA,63.0,49.5,38.5
SLC35F4,66.9,41.7,30.5
MRGPRX4,81.5,23.6,9.9
HTR3E,80.8,20.4,15.8
OR4X2,85.0,8.6,0.3
OR8U1,89.8,6.8,2.6
OR1L4,88.8,6.4,2.6
CEACAM3,78.5,37.3,10.7
TAS2R39,81.2,23.7,8.6
TAAR6,90.7,5.5,2.9
OR5K3,82.9,15.3,2.2
TMEM132E,71.6,38.9,28.6
SCAP,65.3,43.2,29.9
OR8H1,89.7,6.8,2.6
SLC45A2,77.7,23.6,15.7
SERINC4,71.4,37.5,24.9
LRRC4,76.5,32.2,26.8
KIR2DL3,76.9,35.8,23.5
OR10T2,84.9,9.9,3.5
DRD3,75.4,32.8,24.8
OR6C65,89.5,5.8,2.6
SLC22A12,86.6,8.3,2.5
OR13C9,82.9,19.2,5.7
BRS3,78.9,24.1,21.8
LCT,86.2,13.8,6.4
GFRA4,68.6,48.2,36.1
OR4A5,88.4,6.7,3.2
GABRR3,75.8,29.1,21.0
PCDHB1,80.1,20.8,17.2
PCDHA2,73.6,32.6,27.8
CHRM3,66.7,46.1,38.6
TAS2R1,80.1,23.7,3.3
HTR7,73.3,35.3,25.1
OR2A2,87.1,8.2,2.2
OR10J1,85.7,10.0,5.9
SHISA8,56.9,75.6,54.9
CD300LD,80.4,30.9,15.5
TECTB,67.9,40.1,27.7
MTNR1A,85.7,16.9,10.6
OR10Q1,86.5,7.8,3.1
MFSD2B,80.4,19.4,14.3
GPR148,72.8,27.1,17.9
OR10S1,84.9,15.1,3.0
OR52K1,88.3,8.0,1.9
OR52K2,87.4,8.3,3.5
SLC22A9,85.7,11.2,4.3
GPR78,84.6,15.2,10.5
ATP13A1,78.7,18.1,8.6
ADAM21,83.1,17.9,6.2
ADAM30,79.6,22.7,15.7
SLC22A6,83.0,12.8,7.6
OR51A4,88.9,5.4,2.6
DCC,68.2,35.2,29.4
OR1B1,87.8,7.6,2.5
OR52E8,88.4,5.8,1.9
OR2T12,88.9,6.9,1.6
GFY,47.5,89.8,70.1
OR4C5,86.2,12.6,9.2
OR5K1,89.5,7.8,1.3
OR9A1P,88.0,3.5,0.6
SLC38A4,75.5,28.0,24.7
SLC36A3,84.2,14.5,11.3
OR4A15,85.3,14.2,9.6
OR1N1,89.0,8.7,1.6
MRGPRX2,81.7,19.7,9.4
OR4X1,88.0,3.0,1.0
OR4K2,86.1,8.3,2.2
TAS2R46,86.1,9.1,0.3
TAAR5,85.2,10.7,6.8
ROBO1,60.0,52.9,50.6
OR6C75,89.8,6.4,1.0
SCN11A,69.3,37.5,21.3
OR52A5,89.5,5.1,2.2
MUC22,67.5,38.2,23.2
OR2M2,79.7,22.5,11.0
OR5AC1,90.7,4.9,1.3
OR7D2,88.4,3.8,2.6
SLC5A8,85.7,13.9,10.7
GPR152,70.8,43.4,33.4
OR5H2,88.5,6.1,1.3
OR10H3,86.8,9.5,2.2
GFRAL,76.8,26.9,19.5
OR10A7,90.1,5.7,0.6
OR6A2,83.9,14.1,7.6
OR2T29,89.7,6.0,4.4
OR5H6,85.3,14.5,7.7
SLC10A5,80.2,20.8,5.9
OR10D3,89.0,5.4,2.6
CHRNA3,81.1,23.8,16.4
OPN1LW,82.2,17.9,14.6
ZP4,74.7,33.0,15.4
OR14J1,87.6,10.6,1.9
GPR151,78.1,30.1,20.3
GP5,86.5,14.8,11.8
KIRREL3,72.4,36.2,33.7
SLC22A13,84.7,11.8,6.2
AMHR2,77.6,29.7,18.5
APLP1,68.0,44.9,34.2
SLC10A1,83.5,17.5,9.7
GPC2,79.0,27.6,23.1
SLC2A14,87.6,11.2,9.2
LRIT2,77.2,27.8,15.6
LDLRAD4,58.7,72.9,43.8
SLC14A2,82.4,21.1,19.6
SUSD2,90.9,6.8,4.0
PCDHB12,81.5,18.2,15.6
PIEZO1,72.0,32.7,17.0
SIGLEC11,74.1,33.0,21.3
MMP25,78.2,26.3,18.5
CLDN19,80.9,24.1,12.5
IL18RAP,77.8,25.5,14.0
SELE,83.0,15.1,11.3
LINGO2,84.8,16.7,14.2
ADAM22,73.2,34.1,28.4
SLC5A11,81.8,17.8,11.0
NUP210L,79.5,16.2,6.4
CUZD1,79.2,24.9,15.2
MEGF9,66.5,52.2,42.0
GPR61,69.3,46.6,32.8
IZUMO1,81.1,26.6,18.3
HAVCR1,65.8,61.8,32.1
PCDHA3,73.7,32.6,28.9
SIGLEC6,77.3,32.2,17.2
TREH,92.4,8.2,7.5
CRHR2,78.4,27.0,5.6
SLC39A12,69.4,36.6,26.0
SCN2A,68.8,37.8,25.7
GABRA5,81.0,21.9,17.5
SLC36A2,84.1,14.9,12.8
SIRPB2,76.3,32.7,20.8
PCDHGB3,75.4,28.7,26.2
GABRB2,76.5,31.1,25.2
PTGDR,79.4,23.7,11.7
CA14,90.7,13.4,5.6
SLC7A9,85.5,7.0,3.5
TNFRSF8,61.2,60.3,48.4
CD177,85.2,15.1,9.4
SLITRK5,65.5,45.9,40.9
OSMR,73.5,31.4,21.1
BEST4,82.4,23.7,19.7
HTR1B,79.2,27.2,19.5
TYRP1,91.7,11.0,7.1
TAS2R30,85.3,13.2,0.6
NETO1,71.7,40.7,37.1
SLC28A2,82.1,17.2,9.3
ERMAP,81.3,23.4,18.5
SLC10A4,70.9,39.1,31.1
TAS2R4,84.8,11.4,4.3
OPCML,83.4,20.3,17.7
ISLR2,66.6,48.7,37.9
NTRK1,78.2,24.4,14.9
OR51E2,88.9,6.6,0.6
UTS2R,76.2,30.3,23.1
FZD9,80.9,21.5,14.6
HTR4,80.9,22.7,15.7
PROKR1,77.2,27.0,18.8
CEACAM8,86.9,18.1,11.5
GRM2,85.7,11.7,6.4
SLC5A4,85.1,12.1,5.2
CORIN,69.8,35.9,16.3
PCDH8,69.7,39.6,35.6
DRD1,72.5,38.3,26.7
PTPRT,83.6,13.8,10.2
TMEM231,88.4,5.4,3.2
ABCB11,83.1,12.3,8.8
ATP1B3,89.7,5.7,1.1
SLC4A4,70.5,35.8,24.0
CDHR1,78.7,23.6,15.5
KCNJ4,78.8,28.8,21.8
CEACAM4,77.3,41.0,13.1
P2RY12,84.5,19.3,11.1
SLC6A7,86.0,15.6,10.4
SLC15A4,84.8,16.8,7.5
CLEC4M,70.4,57.4,16.8
SLC4A1,82.2,16.7,10.3
VN1R1,77.6,26.1,14.2
CACNG6,77.7,30.0,6.2
TECTA,77.4,21.9,8.7
IL15RA,64.5,62.2,39.7
SORCS2,77.9,22.6,17.7
IL20RB,83.7,24.1,8.4
GJC3,75.8,35.8,15.4
FLT3,75.9,28.9,15.6
SCTR,76.6,31.4,12.7
SLC26A5,83.7,15.6,7.9
EGFR,75.9,29.3,22.8
CD1D,89.9,11.3,7.2
MRGPRE,85.2,17.0,6.4
CR1,65.2,59.9,9.2
GPR20,78.9,24.0,20.1
LINGO3,85.9,14.9,12.8
SEMA4C,81.7,23.4,17.4
AQP8,91.3,10.3,9.2
SLC22A1,84.2,10.5,5.1
LNPEP,88.8,13.8,12.1
TAS2R20,87.2,7.1,0.3
LAYN,68.5,50.8,35.3
ATG9A,73.7,33.6,27.7
CXCR1,78.1,23.1,10.0
SLC5A6,79.4,21.3,17.3
ABCC10,80.9,15.8,8.0
GPR83,76.0,31.7,25.1
EPHA6,78.5,24.0,14.3
INSRR,78.0,23.3,14.0
IL1RAPL1,76.7,27.3,20.8
CCKBR,75.7,32.9,25.3
CHRNA10,82.2,20.2,10.9
GRIN3B,75.1,27.8,15.1
BDKRB1,85.1,18.1,8.5
MUSK,76.5,30.3,16.2
GSG1,70.7,45.0,26.6
ABCG4,83.2,14.9,11.1
CDH12,77.3,27.0,21.3
SSTR5,81.2,24.2,19.5
TSPAN5,89.2,8.6,4.5
KEL,87.4,10.4,5.2
ABCG2,85.2,14.4,9.6
BEST2,80.3,26.1,25.0
SLC24A4,70.8,35.2,23.3
ZP1,73.0,31.0,24.3
MFAP3L,61.6,59.2,43.3
TAS1R1,88.4,7.4,1.5
GPR62,76.5,34.2,12.2
GPR63,75.0,33.2,23.9
SLC2A8,85.4,12.2,8.4
GPR88,75.8,35.2,21.6
CRB1,75.0,27.2,10.2
PCDHGB2,75.7,28.7,26.9
PILRA,69.5,52.5,36.0
CACNG8,58.6,64.2,49.2
GPR52,81.8,21.3,13.0
CRHR1,77.3,28.9,8.9
OSTM1,73.9,40.7,21.3
TNFRSF1A,71.4,41.8,31.9
CHRND,83.7,17.4,5.6
ATP4B,90.6,4.5,0.7
GRIN2A,60.8,51.9,43.3
DLL4,74.9,31.1,19.9
CD79B,75.4,41.9,7.9
STAB2,70.5,39.9,9.2
PCDHB3,81.7,17.6,15.3
FNDC9,66.8,52.7,34.8
CTNS,89.4,9.3,5.7
ADAM19,69.9,39.2,32.6
KREMEN1,78.9,32.6,28.3
ACVR1C,84.8,19.5,6.1
GRM7,84.4,14.3,6.7
KLRF1,78.1,32.9,21.6
CLCNKB,87.2,8.6,3.8
SLC10A6,77.3,26.5,19.4
PCDHGA10,74.4,30.9,26.6
ITGAE,80.6,20.4,7.0
SLC26A4,82.7,17.4,10.5
RHAG,95.6,3.2,1.7
SLC5A10,87.8,6.4,3.7
NPC1,85.1,9.5,3.5
PTGER1,74.8,36.8,25.1
SCN5A,67.2,41.3,26.4
FCAR,83.6,23.3,8.4
CDON,62.0,48.4,36.7
SHISA9,56.7,74.5,55.2
NOTCH2,59.4,64.8,27.2
S1PR3,79.3,26.7,17.7
GINM1,70.1,40.9,35.2
ERVW-1,59.3,67.8,30.5
FFAR1,89.8,7.3,5.7
ABCA1,73.2,33.0,8.7
MCOLN1,81.3,17.6,12.8
CDHR4,78.6,23.5,10.5
P2RX2,79.9,23.8,17.0
SLC8A1,74.7,29.6,19.3
PCDH19,68.6,43.1,39.5
PCDHGA5,74.9,29.9,25.9
ICAM5,80.1,18.3,13.1
VSIG10L,70.0,37.6,32.2
PTPRN2,63.4,51.5,44.3
TSPAN2,87.4,10.0,1.8
PCDHGC4,75.0,30.8,26.4
GRM3,85.3,13.2,6.4
NTNG2,84.5,16.2,6.8
MEGF11,74.4,21.4,18.4
PTGDR2,81.0,24.3,15.7
ABCA2,70.8,35.2,16.3
SLC6A17,81.0,19.7,17.1
RTN4RL1,76.0,36.1,35.1
PCDHB6,81.6,18.8,14.2
SLC46A3,86.9,11.9,4.8
CASD1,87.8,6.9,2.6
TMEM132D,70.4,40.0,28.8
JAG1,73.1,30.5,13.6
SLC2A12,74.9,29.3,25.8
GHRHR,75.8,32.2,12.1
AVPR1A,73.4,38.0,21.1
ASGR1,86.2,17.5,12.7
CNTN6,86.1,8.6,5.1
ANTXRL,63.1,50.7,43.4
LHCGR,80.1,22.6,15.5
TYRO3,74.8,29.8,20.4
LRRTM2,79.1,31.2,21.9
PCDHGA11,75.2,30.8,24.6
GPR75,63.9,56.5,39.1
PCDH11Y,64.3,46.0,40.1
DRD4,77.1,34.4,22.7
DRD2,72.5,39.1,26.4
DSC1,76.7,28.6,23.6
ATP6V0A2,81.6,15.4,9.6
PRNP,64.2,50.2,38.7
CSF3R,73.7,32.2,23.4
CHPT1,90.9,9.4,6.7
SLC39A5,67.3,44.1,33.1
SLC6A2,87.2,12.6,8.4
SLC8B1,80.7,19.7,12.2
SLC6A4,84.7,14.8,13.7
TMEM255A,66.0,57.3,33.2
SSTR2,81.3,22.0,11.7
ANO3,75.8,24.3,17.7
PTGER2,77.6,29.9,15.4
TSPAN11,87.7,7.5,2.8
SLC18A2,77.7,24.9,18.7
SLC16A8,77.1,25.4,22.8
OPRK1,79.5,25.3,13.9
LY6D,79.3,31.2,3.9
KCNMB3,72.1,36.9,15.1
GPR22,72.3,36.5,27.0
SLC8A2,76.6,27.4,13.8
DCT,89.1,12.1,8.9
TENM3,77.4,21.7,15.7
GPC5,77.9,29.9,25.0
SLC9A3,66.0,44.4,32.6
SLC13A4,77.3,23.5,18.1
CLEC4G,89.7,10.9,9.2
PCDHB7,81.8,17.7,15.1
HTR2A,73.7,38.6,27.4
C5AR2,86.5,17.2,3.9
CACNA1G,58.2,55.7,46.3
NIPAL4,79.3,28.5,14.4
ATRNL1,80.5,19.0,10.3
CACNA1I,59.7,53.9,42.4
LRRC38,86.1,15.3,7.1
SLC1A6,80.2,24.6,10.3
LRP10,67.0,43.5,29.7
LRRTM4,74.0,37.3,30.0
CACNG1,77.0,32.0,8.6
OR2W3,77.3,29.6,12.4
LRRC37A3,42.3,83.7,76.5
MRC1,82.1,16.6,8.4
FAS,77.9,31.0,16.4
HRH3,75.6,30.1,24.0
KLRG1,81.3,28.2,19.0
CEACAM7,84.1,23.8,10.6
PCDHGA4,73.9,32.4,26.7
CHRNA2,77.0,25.7,23.6
LILRA6,85.3,14.6,10.8
SLC7A10,83.4,12.6,10.7
ADRA1D,64.8,53.0,41.4
PCDHGA7,74.0,30.7,26.6
SLC51B,67.5,58.6,16.4
SLC7A3,83.7,14.9,6.6
ENPP4,92.3,10.6,6.0
LY6K,72.8,43.0,17.0
CHRNE,80.7,21.5,4.7
MEGF10,70.8,28.3,24.7
ADAM32,76.5,27.6,20.1
LY6G6C,84.6,21.6,0.8
ATP13A5,78.8,18.9,9.4
NPC1L1,84.2,12.7,6.4
IL3RA,85.3,20.6,8.7
MALRD1,71.3,34.6,13.1
CD93,72.3,31.4,23.2
PCDHGC5,74.4,31.1,28.8
TMEM150A,89.7,12.5,9.6
P2RY1,85.3,15.3,10.2
SEZ6,69.8,36.5,31.0
NMUR1,80.6,20.7,17.4
AJAP1,50.1,90.0,69.3
GLP2R,73.5,33.1,26.2
P2RY11,80.7,17.1,15.0
GPR26,91.0,5.3,3.6
NKAIN2,76.0,39.4,10.6
SLC12A1,78.2,20.7,16.6
ATP1A4,87.5,7.1,2.3
CHODL,75.8,36.6,23.1
SLC6A3,86.9,12.7,11.3
TBXA2R,86.2,15.7,6.7
EPHA3,80.8,22.1,12.8
PRPH2,87.0,13.9,5.2
GCGR,81.9,18.4,10.7
TACR2,79.8,23.6,17.6
ENPP6,92.4,10.5,9.1
PCDH11X,64.0,44.2,39.9
SLC1A2,77.8,27.4,16.4
THSD7A,67.3,42.5,15.0
NCR3LG1,77.6,32.4,17.2
UPK3B,52.7,65.6,58.4
ASIC4,79.7,22.3,17.8
ITLN1,92.5,11.2,8.6
SLITRK4,68.1,40.3,35.0
TPSG1,82.4,26.2,15.9
TAS2R14,81.7,18.6,5.0
TACR1,78.4,27.8,18.4
PCDHGA6,74.4,30.7,25.6
LRP3,67.4,41.6,29.4
ROR1,68.2,40.8,31.8
HRH2,82.9,22.0,13.6
SLC26A1,82.6,17.1,9.4
GRIN2C,67.5,42.3,31.1
PGAP1,89.1,7.0,3.4
IL1R2,83.8,18.6,11.1
ABCC2,81.2,13.9,8.1
PTCHD1,84.2,11.1,6.0
TMEM108,45.3,92.3,75.7
GRID2,75.9,27.8,16.5
PLXNA3,84.5,11.7,4.9
PAM,71.7,36.7,31.7
ART4,80.3,27.4,16.6
CHRM1,74.7,35.0,30.7
LRRC4C,75.8,32.2,27.0
GPBAR1,80.4,19.7,8.5
ADORA2A,80.4,26.7,23.5
ADAM11,79.8,22.4,14.4
PIK3IP1,67.1,52.9,27.0
PECAM1,80.4,21.0,16.9
SLC4A5,68.4,38.0,27.7
RPRML,58.6,77.5,37.5
CD163,77.5,22.3,13.7
CHRM2,72.1,40.8,32.0
SLC6A13,88.8,10.6,7.8
KCNJ12,80.7,25.9,19.9
PTPRQ,74.9,22.6,9.6
NIPAL2,79.3,24.8,19.3
IGDCC4,70.3,35.1,28.0
CNTN2,85.7,9.1,6.4
SLCO1C1,78.5,24.0,16.4
NALCN,76.7,26.4,19.7
ACKR4,81.7,18.0,9.7
LTK,73.7,32.5,23.8
TM4SF20,73.4,40.6,19.7
NRG4,78.0,29.6,1.7
SORT1,82.9,19.3,16.6
TSPAN18,90.6,2.4,0.0
SLC2A11,88.5,5.6,4.8
CD248,63.5,54.4,45.8
FLRT1,72.6,36.4,30.7
SV2A,76.8,26.4,15.5
TMPRSS5,79.3,24.3,17.7
CLEC2D,86.1,22.0,6.3
SLC4A7,67.5,39.1,29.3
SLC8A3,76.8,27.2,14.9
OXGR1,86.4,11.9,6.5
C19orf18,61.5,56.3,38.6
EREG,68.7,40.8,23.7
HBEGF,66.5,51.4,24.0
FLT1,72.6,31.9,23.6
AQP4,81.0,25.4,20.4
IGSF1,73.2,32.3,13.4
SLC22A7,85.0,10.9,5.7
CDH20,77.3,27.2,20.8
TMEM132B,70.0,39.4,29.6
SCN9A,69.1,36.9,25.2
SLC2A13,80.0,19.8,15.1
CD22,79.4,21.4,17.7
RGMB,79.5,29.3,19.5
ASTN1,64.4,50.6,34.5
TMPRSS11D,90.4,8.4,1.9
CDH4,78.7,25.7,19.3
BCAN,68.9,41.8,37.2
CLDN18,72.8,40.6,20.7
NRXN2,74.4,31.2,25.5
SLC51A,82.3,15.6,6.2
SLC43A3,82.7,15.9,11.4
LYPD2,76.1,40.0,11.2
UNC5C,78.1,25.2,20.8
GABRB3,80.1,26.2,19.5
PTGER4,70.9,43.0,30.5
LRRC3B,85.8,13.5,2.7
KL,89.1,9.6,5.5
TMX3,85.3,17.8,10.6
EPHA7,81.9,17.7,11.2
PCDH18,68.8,41.2,37.5
SSPN,74.1,34.2,27.6
NRXN3,75.4,28.1,24.5
SCN4A,72.4,32.0,18.0
CSF1,57.4,67.7,61.4
NPY2R,82.5,18.9,12.3
DSG1,62.1,56.7,43.9
EDA2R,68.8,50.2,38.7
EPHA5,79.4,22.0,16.7
NPY5R,75.7,30.8,18.2
GPR4,80.7,22.4,15.7
ITGA2B,88.1,10.7,7.4
NCAM2,81.4,18.9,16.1
PCDHGA3,74.7,31.2,26.4
GRIK1,81.1,19.0,10.2
SHISA7,54.0,81.0,59.7
CDH26,72.3,35.1,26.1
LRIG1,74.6,31.5,28.5
PCDH20,78.1,21.9,17.0
SIRPA,77.8,33.3,24.6
ACKR2,80.4,25.0,16.4
GSG1L,71.6,40.8,27.5
LGR5,80.2,22.5,17.4
SEMA4D,80.8,25.2,21.9
GJA1,69.8,41.9,30.6
IL4R,54.8,70.7,59.2
ADCY9,70.2,37.7,28.5
KCNMB1,84.1,9.9,0.0
LGR6,77.4,26.5,21.6
LSAMP,83.8,21.6,14.8
NLGN4X,79.1,28.2,23.8
DPP10,90.4,7.4,5.3
PLB1,82.0,20.0,10.2
ACKR3,82.5,19.1,7.2
ADRB1,75.3,36.3,26.2
NRN1L,73.0,44.8,14.5
SLC38A11,88.5,7.6,6.2
GIPR,78.5,25.8,10.1
NLGN3,76.4,32.8,26.8
LRP4,77.1,24.6,13.6
SLC47A1,85.8,15.3,13.7
PLD5,83.1,22.2,13.8
CNTNAP4,83.4,16.8,10.4
ATP2B4,72.7,27.8,21.3
GJC2,67.1,52.8,33.5
OMG,67.0,47.0,38.0
NPY6R,81.5,21.0,12.4
CALY,54.7,88.9,39.2
BACE1,87.5,15.6,11.0
GNRHR2,75.7,26.7,9.6
LRIG2,74.5,30.6,26.8
OPALIN,62.5,76.6,12.1
IL6ST,74.6,32.8,28.4
ACVR2A,83.5,19.5,11.3
SLC19A3,81.6,20.2,16.5
VASN,73.8,35.2,25.1
SCN3A,68.3,38.4,25.9
PCDHGB4,75.5,28.9,25.8
KCNMB4,87.2,9.5,0.0
TRHDE,84.6,17.0,11.8
SLC17A7,80.0,24.3,10.9
ATP2B3,74.3,26.0,18.9
SLC3A1,87.0,13.1,8.6
ITGA9,85.1,12.3,4.0
LRIG3,73.0,32.7,30.3
LRFN5,73.9,35.7,28.9
SV2B,82.0,18.2,8.1
PCDHGB5,75.4,29.1,25.8
EPHB1,83.6,14.4,7.8
SLCO3A1,75.5,30.3,21.1
SCNN1B,82.5,20.5,8.4
MC1R,80.5,18.0,10.7
ADRA2B,71.6,38.7,31.1
GRIK2,83.6,15.5,4.7
GABRA4,73.0,38.8,30.3
CDH10,78.4,25.5,18.1
SCN2B,85.8,20.9,3.3
SLC5A7,84.3,12.9,8.8
GRIK3,82.3,18.3,6.6
VLDLR,75.7,24.6,14.8
TNFRSF10D,61.0,65.3,52.8
ICAM2,87.1,18.9,2.9
EMP3,90.9,1.8,0.0
FKRP,93.9,4.6,3.2
P2RX7,88.0,9.6,3.7
P2RY14,87.1,14.8,7.7
CDH22,75.4,32.5,23.9
DSCAML1,69.4,32.1,24.3
RPRM,60.8,72.5,33.0
LRRN3,83.1,21.3,11.6
GRIA4,82.7,16.9,8.9
AVPR2,76.0,29.4,18.6
CRIM1,67.1,38.7,22.2
LHFPL4,82.8,17.8,9.3
SLC41A1,77.9,23.8,19.3
SORCS3,74.7,27.8,22.8
CHRNA4,71.9,36.5,30.6
LRRC37A,42.0,83.9,77.7
ABCA7,75.3,25.4,10.9
ESYT3,71.1,34.8,25.5
SLC36A4,81.9,20.0,16.5
CDHR5,68.3,46.0,43.0
SLC5A9,82.9,16.2,11.0
GABRG1,78.6,26.7,22.6
SUSD5,56.1,71.2,55.6
PCDHGA9,75.3,30.2,25.0
CDH18,77.6,24.7,18.1
PCDHB5,81.6,18.5,13.8
GRIN2B,60.7,53.0,44.1
ACHE,92.9,8.3,5.5
GPR35,84.4,17.5,5.5
MAG,80.8,22.2,18.2
GPC1,82.5,25.4,15.2
NOTCH1,59.6,65.2,26.6
PKD1L2,71.0,36.6,12.4
PTGFR,80.6,26.2,15.0
PCDH10,73.2,36.1,33.4
SLC23A2,77.4,23.7,19.1
TSPAN4,89.7,5.9,0.0
PCDHGA12,74.6,30.2,25.3
GFRA2,75.0,37.3,27.4
SERINC1,77.5,28.0,13.0
PCDHB15,81.8,18.2,14.1
SCN3B,86.2,12.6,3.7
ZFYVE27,70.1,43.1,25.3
MFSD8,83.3,14.9,12.4
RHCG,92.3,8.6,3.5
PTGER3,76.1,33.1,19.2
LRRC24,77.0,32.7,21.6
SSTR1,78.8,28.6,21.5
ATP2B2,73.4,28.0,21.0
IGSF11,73.7,40.1,27.1
EDA,69.6,48.8,33.0
ADRA1B,67.4,48.8,36.5
ANPEP,93.1,4.1,2.8
PTPRD,82.8,12.7,6.5
BST1,89.7,15.7,7.9
HEPACAM,72.6,44.2,30.0
SLC6A1,88.0,11.5,9.0
SLITRK3,63.8,49.5,42.0
PCDHGA2,74.9,31.4,24.7
ERBB4,73.1,33.3,26.9
GALR1,83.8,18.1,10.0
ADRA1A,70.3,39.1,35.2
SLC17A9,89.5,7.6,5.5
MICA,81.7,23.0,17.5
CLSTN2,78.9,22.8,17.9
SLC26A3,85.0,11.8,7.1
PCDH9,67.8,38.9,34.4
TLR4,89.2,9.9,5.5
GRIA1,81.0,19.0,11.9
AMIGO1,78.1,29.8,21.9
SEMA6B,73.8,36.8,31.8
GABRA1,81.7,24.1,16.4
C1orf159,49.2,87.9,61.8
MDGA1,84.6,14.6,8.5
CLCA4,89.3,8.6,5.0
NPR3,84.1,20.0,11.5
LILRB3,74.0,35.5,29.5
ADAM23,76.1,29.6,19.8
GABRA2,83.3,21.7,10.9
IL17RC,73.6,29.3,20.0
PCDHGB6,75.1,29.2,26.8
GRIA3,83.6,15.5,7.4
TMPRSS11B,91.5,5.8,3.1
AXL,75.1,29.8,20.4
GRID1,75.0,30.0,16.4
ANO2,73.6,31.4,18.9
EVC2,72.7,31.7,22.9
SHISA6,55.4,78.8,58.4
SLC1A3,82.0,20.3,6.8
KCNJ3,72.0,35.7,33.3
SGCD,81.3,15.6,8.3
GFRA3,79.0,30.2,21.2
OXER1,81.7,19.0,10.7
FLT3LG,81.3,30.2,13.6
SCARF2,64.5,52.9,46.6
SLC1A7,77.4,28.0,15.0
BTN2A3P,71.9,36.0,22.4
ADRB2,79.1,30.0,21.1
ART3,74.0,36.5,29.6
ITGA1,83.6,15.8,4.3
PLXNA4,83.1,14.4,6.1
P2RX6,82.9,17.7,12.0
CDH13,85.1,13.2,8.8
IL1R1,83.9,16.5,6.0
GPRC5B,74.4,39.7,23.6
SLC12A6,79.9,21.6,17.1
EPOR,66.9,51.6,40.9
ENG,80.0,20.8,12.8
CNTN1,87.2,8.5,5.0
SLC6A15,79.7,20.4,19.5
SGCB,76.4,25.5,7.9
GGT7,85.1,18.0,14.4
GPR17,80.3,23.2,17.2
TTYH1,89.7,9.6,3.1
PLA2R1,78.8,22.7,9.2
FAIM2,77.3,33.9,23.1
ANO5,82.0,15.8,7.2
TMEM8B,80.8,18.9,14.6
SLC14A1,93.0,8.5,7.2
XPNPEP2,91.6,8.2,7.7
PTPRS,81.5,14.7,7.5
TRABD2B,68.8,41.6,37.5
NTNG1,83.6,17.6,11.1
ABCB1,84.6,11.0,7.7
SLC16A12,80.3,24.4,15.7
BTN2A1,84.8,15.0,8.0
NRXN1,82.0,18.8,14.5
EPHA4,83.5,15.2,10.0
NLGN1,77.1,33.0,27.9
GPR12,84.2,17.1,10.5
CNTN4,86.4,7.7,5.1
PCDHB4,82.5,17.4,14.0
MCAM,80.2,22.9,19.2
ABCC5,78.0,19.5,14.1
TPO,83.5,20.0,8.9
SLC6A16,80.0,20.9,18.6
IL6R,77.9,32.5,23.9
LTB4R2,81.1,19.6,11.5
SLC38A2,79.1,23.9,18.0
IL18R1,79.3,26.6,6.7
GPR155,73.2,31.7,20.8
ESAM,77.6,38.2,20.3
CDH5,77.9,24.9,20.5
PCDHGC3,74.7,31.2,27.3
PLXDC1,72.2,38.8,27.8
SLC19A2,80.8,21.3,17.1
ADCYAP1R1,75.5,32.1,15.8
SLC29A1,87.4,16.0,8.8
CDH19,78.1,25.5,17.0
PCSK5,76.5,21.8,11.0
TMEM63A,74.1,34.0,18.5
SLITRK1,76.5,27.2,22.8
APCDD1,81.8,21.2,17.7
SELP,79.9,17.1,10.7
CD302,80.1,28.0,12.9
SHISA4,69.2,53.8,16.8
PTPRB,80.3,10.7,4.6
GRIA2,84.9,13.4,8.9
SLC22A15,83.0,17.6,7.7
TNFRSF14,79.9,33.2,11.0
CCR10,76.8,28.2,12.7
SORCS1,76.7,23.6,18.8
STIM1,67.8,43.9,34.3
CDHR3,77.6,24.3,16.8
GPC3,75.1,34.0,28.4
CD300LG,68.7,53.0,35.5
SLITRK2,67.0,42.7,34.7
ADRA2A,70.2,42.6,34.4
ECSCR,56.5,78.5,45.9
LRRC4B,71.7,39.8,36.0
ADRA2C,72.8,39.4,24.9
SGCE,74.2,36.6,21.7
MERTK,72.2,35.3,26.8
CACHD1,77.6,24.3,17.3
THSD1,59.1,61.6,48.5
EMCN,51.7,88.9,58.6
GPR173,81.3,27.3,12.6
CADM2,82.1,25.5,18.6
SPPL2B,76.1,30.4,17.7
DNER,70.5,38.9,21.2
ITGB3,87.0,10.5,4.2
ITGA8,85.0,11.8,7.5
DPP6,86.7,14.5,11.8
CLEC14A,68.5,42.2,37.3
SLCO2A1,81.9,19.6,10.3
EVA1C,70.2,44.4,26.5
CNTNAP3,82.9,18.1,9.1
GLDN,72.7,45.9,27.6
SEMA6A,70.0,43.6,40.4
GABRB1,77.5,30.8,22.6
VIPR2,74.3,37.9,15.3
MXRA8,75.8,35.3,21.0
FNDC5,71.9,44.6,25.0
LRRTM3,73.7,35.1,30.1
SCN1A,68.5,38.5,25.5
ANTXR2,71.8,42.9,18.2
TCIRG1,83.0,13.1,7.5
SLC11A1,83.0,12.2,8.2
CLDND1,87.1,9.9,3.6
NTSR2,78.9,27.3,17.8
SLC24A3,70.3,37.4,25.9
BTNL3,89.5,6.2,1.1
ABCA9,77.2,23.4,6.7
P2RX1,87.8,8.5,0.3
ADCY3,76.4,24.4,17.6
CSPG4,74.8,24.4,9.2
MMP17,76.3,30.8,25.5
L1CAM,78.4,22.0,14.0
RNF150,75.2,32.2,24.9
SCN7A,73.7,29.1,14.7
SLC7A14,72.7,32.7,24.5
GPM6A,82.7,19.1,5.0
PLXNB3,81.0,16.1,8.1
CNTN3,86.7,7.6,5.2
MUC21,75.5,26.5,18.0
CLEC1A,84.2,20.7,15.7
IL1RL1,81.9,18.9,5.2
SYP,76.7,30.4,23.3
PCDHGB7,75.1,29.6,26.4
ZDHHC11,73.3,35.4,32.0
HEPH,89.1,10.3,5.4
IGSF9B,62.2,51.2,47.0
SLC16A7,84.5,16.7,12.6
PKD2,70.1,41.8,28.5
PTCH1,73.9,30.4,27.1
RAMP3,87.6,18.9,3.4
NRG2,54.9,67.8,59.8
LSMEM1,67.9,58.8,22.9
LILRB5,75.6,31.9,26.8
TEK,84.0,14.9,7.1
FLT4,72.4,31.1,23.0
LRRC37B,52.9,71.3,58.3
TIE1,80.8,17.3,8.8
DLL1,75.0,30.4,23.1
TMEM204,71.1,40.7,22.6
VSTM4,74.9,40.9,19.1
CALHM2,81.1,18.9,5.3
TTYH2,82.0,25.8,15.4
CNR1,71.7,40.7,27.1
PTGIR,76.2,28.8,20.2
FNDC4,69.7,47.4,26.5
LEPR,66.0,42.5,32.8
SLC12A4,81.6,17.7,12.5
PLXNA2,84.5,12.2,5.9
KIT,78.2,26.4,16.2
GABRG2,77.2,31.4,25.9
ITGA10,85.2,10.9,4.5
CLDN15,81.8,26.3,12.7
MAMDC4,79.1,20.6,10.0
TMEFF2,69.0,49.5,23.3
MOG,84.7,15.4,0.4
SCN4B,83.0,25.9,5.7
GAS1,69.8,48.4,27.2
TNFRSF25,72.3,38.6,25.7
SLC7A2,81.4,17.8,12.0
LTB4R,81.4,19.3,14.2
NKAIN3,76.8,34.0,11.7
RECK,81.1,16.6,10.0
PLXNB1,75.2,25.4,17.4
DLK1,71.2,35.2,21.1
