stringId_A,stringId_B,preferredName_A,preferredName_B,ncbiTaxonId,score,nscore,fscore,pscore,ascore,escore,dscore,tscore
9606.ENSP00000200181,9606.ENSP00000317272,ITGB4,MET,9606,0.423,0,0.0,0.0,0.143,0.091,0.0,0.319
9606.ENSP00000200181,9606.ENSP00000329797,ITGB4,CADM1,9606,0.556,0,0.0,0.0,0.0,0.211,0.0,0.461
9606.ENSP00000200181,9606.ENSP00000261769,ITGB4,CDH1,9606,0.569,0,0.0,0.0,0.137,0.062,0.0,0.51
9606.ENSP00000200181,9606.ENSP00000263735,ITGB4,EPCAM,9606,0.656,0,0.0,0.0,0.083,0.0,0.0,0.641
9606.ENSP00000200181,9606.ENSP00000283249,ITGB4,ITGB6,9606,0.848,0,0.0,0.0,0.122,0.0,0.72,0.435
9606.ENSP00000261769,9606.ENSP00000329797,CDH1,CADM1,9606,0.406,0,0.0,0.0,0.047,0.045,0.0,0.4
9606.ENSP00000261769,9606.ENSP00000484431,CDH1,CD48,9606,0.408,0,0.0,0.0,0.0,0.0,0.0,0.409
9606.ENSP00000261769,9606.ENSP00000418754,CDH1,PTK7,9606,0.458,0,0.0,0.0,0.048,0.067,0.0,0.439
9606.ENSP00000261769,9606.ENSP00000360269,CDH1,TACSTD2,9606,0.5,0,0.0,0.0,0.241,0.0,0.0,0.368
9606.ENSP00000261769,9606.ENSP00000404131,CDH1,TGFA,9606,0.513,0,0.0,0.0,0.054,0.0,0.0,0.507
9606.ENSP00000261769,9606.ENSP00000319730,CDH1,PRSS8,9606,0.537,0,0.0,0.0,0.393,0.0,0.0,0.27
9606.ENSP00000261769,9606.ENSP00000283249,CDH1,ITGB6,9606,0.6,0,0.0,0.0,0.12,0.062,0.0,0.555
9606.ENSP00000261769,9606.ENSP00000383053,CDH1,EPHB2,9606,0.625,0,0.0,0.0,0.0,0.067,0.0,0.615
9606.ENSP00000261769,9606.ENSP00000484824,CDH1,MUC1,9606,0.679,0,0.0,0.0,0.099,0.046,0.0,0.657
9606.ENSP00000261769,9606.ENSP00000378577,CDH1,CLDN3,9606,0.706,0,0.0,0.0,0.239,0.0,0.0,0.629
9606.ENSP00000261769,9606.ENSP00000481841,CDH1,CD24,9606,0.752,0,0.0,0.0,0.203,0.0,0.0,0.701
9606.ENSP00000261769,9606.ENSP00000409544,CDH1,CLDN4,9606,0.829,0,0.0,0.0,0.251,0.0,0.0,0.781
9606.ENSP00000261769,9606.ENSP00000263735,CDH1,EPCAM,9606,0.905,0,0.0,0.0,0.418,0.081,0.0,0.837
9606.ENSP00000261769,9606.ENSP00000317272,CDH1,MET,9606,0.959,0,0.0,0.0,0.05,0.311,0.0,0.943
9606.ENSP00000263636,9606.ENSP00000263735,LY75,EPCAM,9606,0.408,0,0.0,0.0,0.056,0.0,0.0,0.399
9606.ENSP00000263636,9606.ENSP00000481841,LY75,CD24,9606,0.418,0,0.0,0.0,0.043,0.0,0.0,0.417
9606.ENSP00000263636,9606.ENSP00000283249,LY75,ITGB6,9606,0.456,0,0.003,0.0,0.072,0.0,0.0,0.438
9606.ENSP00000263735,9606.ENSP00000319730,EPCAM,PRSS8,9606,0.436,0,0.0,0.0,0.26,0.0,0.0,0.269
9606.ENSP00000263735,9606.ENSP00000317272,EPCAM,MET,9606,0.721,0,0.0,0.0,0.061,0.0,0.0,0.716
9606.ENSP00000263735,9606.ENSP00000378577,EPCAM,CLDN3,9606,0.737,0,0.0,0.0,0.344,0.0,0.0,0.615
9606.ENSP00000263735,9606.ENSP00000409544,EPCAM,CLDN4,9606,0.785,0,0.0,0.0,0.269,0.0,0.0,0.718
9606.ENSP00000263735,9606.ENSP00000481841,EPCAM,CD24,9606,0.91,0,0.0,0.0,0.267,0.0,0.0,0.882
9606.ENSP00000263735,9606.ENSP00000484824,EPCAM,MUC1,9606,0.92,0,0.0,0.0,0.126,0.0,0.0,0.913
9606.ENSP00000283249,9606.ENSP00000317272,ITGB6,MET,9606,0.504,0,0.0,0.0,0.391,0.091,0.0,0.175
9606.ENSP00000317272,9606.ENSP00000418754,MET,PTK7,9606,0.431,0,0.0,0.0,0.059,0.332,0.0,0.167
9606.ENSP00000317272,9606.ENSP00000481841,MET,CD24,9606,0.659,0,0.0,0.0,0.0,0.0,0.0,0.659
9606.ENSP00000317272,9606.ENSP00000484824,MET,MUC1,9606,0.762,0,0.0,0.0,0.067,0.331,0.0,0.649
9606.ENSP00000317272,9606.ENSP00000404131,MET,TGFA,9606,0.85,0,0.0,0.0,0.08,0.0,0.65,0.573
9606.ENSP00000319730,9606.ENSP00000409544,PRSS8,CLDN4,9606,0.469,0,0.0,0.0,0.26,0.0,0.0,0.312
9606.ENSP00000329797,9606.ENSP00000409544,CADM1,CLDN4,9606,0.444,0,0.0,0.0,0.0,0.0,0.0,0.444
9606.ENSP00000360269,9606.ENSP00000484824,TACSTD2,MUC1,9606,0.48,0,0.0,0.0,0.162,0.0,0.0,0.405
9606.ENSP00000360269,9606.ENSP00000409544,TACSTD2,CLDN4,9606,0.555,0,0.0,0.0,0.228,0.201,0.0,0.335
9606.ENSP00000364080,9606.ENSP00000398890,HLA-DQB1,HLA-DMB,9606,0.928,0,0.0,0.0,0.526,0.435,0.54,0.491
9606.ENSP00000378577,9606.ENSP00000481841,CLDN3,CD24,9606,0.415,0,0.0,0.0,0.097,0.0,0.0,0.379
9606.ENSP00000378577,9606.ENSP00000484824,CLDN3,MUC1,9606,0.439,0,0.0,0.0,0.167,0.0,0.0,0.354
9606.ENSP00000378577,9606.ENSP00000409544,CLDN3,CLDN4,9606,0.859,0,0.0,0.054,0.388,0.0,0.65,0.39
9606.ENSP00000398890,9606.ENSP00000484431,HLA-DMB,CD48,9606,0.484,0,0.0,0.0,0.332,0.094,0.0,0.215
9606.ENSP00000409544,9606.ENSP00000484824,CLDN4,MUC1,9606,0.486,0,0.0,0.0,0.153,0.0,0.0,0.419
9606.ENSP00000418754,9606.ENSP00000484824,PTK7,MUC1,9606,0.409,0,0.0,0.0,0.06,0.096,0.0,0.36
9606.ENSP00000481841,9606.ENSP00000484824,CD24,MUC1,9606,0.552,0,0.0,0.0,0.064,0.0,0.0,0.542
